"Customer","FamilyMembers","Lifestage","Model","precision"
"37912","(3, 8)","FamilyWithKids","Baseline",0.272727272727273
"179359","(3, 8)","FamilyWithKids","Baseline",0.470588235294118
"295501","(3, 8)","FamilyWithKids","Baseline",0
"396634","(3, 8)","FamilyWithKids","Baseline",0
"423754","(3, 8)","ActiveAdults","Baseline",0.517241379310345
"457300","(3, 8)","FamilyWithKids","Baseline",0.428571428571429
"681704","(3, 8)","FamilyWithKids","Baseline",0.285714285714286
"682808","(3, 8)","FamilyWithKids","Baseline",0.522727272727273
"731884","(1, 2)","FamilyWithKids","Baseline",0
"1051535","(3, 8)","ActiveAdults","Baseline",0.357142857142857
"1072151","(3, 8)","FamilyWithKids","Baseline",0
"1119779","(3, 8)","ActiveAdults","Baseline",0.8
"1133209","(1, 2)","FamilyWithKids","Baseline",0.782608695652174
"1515228","(3, 8)","FamilyWithKids","Baseline",0.4
"1593868","(3, 8)","ActiveAdults","Baseline",0.214285714285714
"1610551","(3, 8)","ActiveAdults","Baseline",0.6
"1881021","(3, 8)","ActiveAdults","Baseline",0
"1916490","(3, 8)","FamilyWithKids","Baseline",0.642857142857143
"1965318","(3, 8)","ActiveAdults","Baseline",0.5
"1981739","(3, 8)","FamilyWithKids","Baseline",0.166666666666667
"2003984","(3, 8)","FamilyWithKids","Baseline",0.433333333333333
"2010692","(3, 8)","ActiveAdults","Baseline",0.7
"2021880","(1, 2)","FamilyWithKids","Baseline",0.5
"2109697","(3, 8)","FamilyWithKids","Baseline",0.444444444444444
"2129104","(3, 8)","FamilyWithKids","Baseline",0.6
"2381096","(1, 2)","FamilyWithKids","Baseline",0.625
"2455268","(3, 8)","FamilyWithKids","Baseline",0.368421052631579
"2523041","(3, 8)","FamilyWithKids","Baseline",0.333333333333333
"2659406","(1, 2)","ActiveAdults","Baseline",0.421052631578947
"2789797","(3, 8)","ActiveAdults","Baseline",0.642857142857143
"2849286","(1, 2)","ActiveAdults","Baseline",0.555555555555556
"2887859","(1, 2)","FamilyWithKids","Baseline",0.176470588235294
"2890028","(3, 8)","FamilyWithKids","Baseline",0.277777777777778
"2903695","(3, 8)","ActiveAdults","Baseline",0.5
"2945756","(3, 8)","FamilyWithKids","Baseline",0.461538461538462
"3065245","(3, 8)","FamilyWithKids","Baseline",0.714285714285714
"3083880","(1, 2)","FamilyWithKids","Baseline",0.857142857142857
"3117308","(3, 8)","ActiveAdults","Baseline",0
"3194088","(1, 2)","FamilyWithKids","Baseline",0.521739130434783
"3418370","(3, 8)","ActiveAdults","Baseline",0.256410256410256
"3454725","(1, 2)","ActiveAdults","Baseline",0.68421052631579
"3472112","(1, 2)","FamilyWithKids","Baseline",0.388888888888889
"3475678","(3, 8)","ActiveAdults","Baseline",0.5
"3590850","(1, 2)","FamilyWithKids","Baseline",0.333333333333333
"3611317","(3, 8)","ActiveAdults","Baseline",0.1
"3700492","(3, 8)","FamilyWithKids","Baseline",0
"4081943","(3, 8)","ActiveAdults","Baseline",0.225806451612903
"4092679","(3, 8)","FamilyWithKids","Baseline",0.5
"4095466","(3, 8)","ActiveAdults","Baseline",0.666666666666667
"4210887","(1, 2)","FamilyWithKids","Baseline",0
"4252015","(1, 2)","ActiveAdults","Baseline",1
"4360222","(3, 8)","FamilyWithKids","Baseline",0.222222222222222
"4458410","(3, 8)","FamilyWithKids","Baseline",0.394736842105263
"4502544","(3, 8)","FamilyWithKids","Baseline",0.583333333333333
"4688795","(3, 8)","ActiveAdults","Baseline",0.541666666666667
"4820245","(3, 8)","FamilyWithKids","Baseline",0.888888888888889
"5055905","(3, 8)","FamilyWithKids","Baseline",0.441860465116279
"5070212","(1, 2)","FamilyWithKids","Baseline",0.625
"5079193","(3, 8)","FamilyWithKids","Baseline",0.225806451612903
"5090378","(3, 8)","ActiveAdults","Baseline",0.6
"5230429","(3, 8)","FamilyWithKids","Baseline",0.705882352941177
"5349257","(3, 8)","ActiveAdults","Baseline",0.64
"5486230","(3, 8)","ActiveAdults","Baseline",0.615384615384615
"5518229","(1, 2)","FamilyWithKids","Baseline",0.228571428571429
"5828081","(3, 8)","FamilyWithKids","Baseline",0.307692307692308
"5834654","(3, 8)","FamilyWithKids","Baseline",0.5
"5837307","(3, 8)","ActiveAdults","Baseline",1
"5900481","(1, 2)","FamilyWithKids","Baseline",0.5
"5926514","(1, 2)","ActiveAdults","Baseline",0.777777777777778
"5932760","(3, 8)","ActiveAdults","Baseline",0
"5962226","(1, 2)","FamilyWithKids","Baseline",0.25
"6164386","(1, 2)","FamilyWithKids","Baseline",0.48780487804878
"6227527","(3, 8)","ActiveAdults","Baseline",0
"6244357","(3, 8)","FamilyWithKids","Baseline",0.384615384615385
"6347907","(3, 8)","FamilyWithKids","Baseline",0.3125
"6554495","(3, 8)","ActiveAdults","Baseline",0.705882352941177
"6589303","(3, 8)","FamilyWithKids","Baseline",0.3
"6625496","(3, 8)","FamilyWithKids","Baseline",0
"6645683","(1, 2)","ActiveAdults","Baseline",0.428571428571429
"6867147","(3, 8)","FamilyWithKids","Baseline",0.4
"6946384","(1, 2)","FamilyWithKids","Baseline",0.724137931034483
"7117945","(3, 8)","ActiveAdults","Baseline",0.111111111111111
"7125823","(1, 2)","FamilyWithKids","Baseline",0.461538461538462
"7152560","(1, 2)","FamilyWithKids","Baseline",0.666666666666667
"7193509","(3, 8)","FamilyWithKids","Baseline",0.514285714285714
"7248545","(3, 8)","ActiveAdults","Baseline",0.272727272727273
"7395471","(3, 8)","FamilyWithKids","Baseline",0.8
"7754367","(1, 2)","ActiveAdults","Baseline",0.666666666666667
"7774258","(3, 8)","ActiveAdults","Baseline",0.227272727272727
"7923839","(1, 2)","ActiveAdults","Baseline",0.354838709677419
"7943400","(3, 8)","FamilyWithKids","Baseline",0.41025641025641
"7954243","(3, 8)","ActiveAdults","Baseline",0.606060606060606
"8063255","(1, 2)","ActiveAdults","Baseline",0.142857142857143
"8128139","(1, 2)","FamilyWithKids","Baseline",0.5
"8233719","(3, 8)","FamilyWithKids","Baseline",0.0606060606060606
"8406386","(1, 2)","FamilyWithKids","Baseline",0.35
"8587555","(3, 8)","FamilyWithKids","Baseline",0.166666666666667
"8607458","(3, 8)","FamilyWithKids","Baseline",0.19047619047619
"8615531","(1, 2)","FamilyWithKids","Baseline",0.111111111111111
"8736972","(1, 2)","FamilyWithKids","Baseline",1
"9007266","(3, 8)","FamilyWithKids","Baseline",0.6875
"9059566","(3, 8)","FamilyWithKids","Baseline",0.428571428571429
"9139989","(3, 8)","FamilyWithKids","Baseline",0.5
"9155436","(3, 8)","FamilyWithKids","Baseline",0
"9274130","(3, 8)","FamilyWithKids","Baseline",0.238095238095238
"9279821","(3, 8)","ActiveAdults","Baseline",0.615384615384615
"9298060","(3, 8)","ActiveAdults","Baseline",0.606060606060606
"9303140","(1, 2)","ActiveAdults","Baseline",0.478260869565217
"9335132","(1, 2)","FamilyWithKids","Baseline",0.375
"9354586","(3, 8)","FamilyWithKids","Baseline",0.333333333333333
"9482519","(1, 2)","FamilyWithKids","Baseline",0.46875
"9493177","(3, 8)","FamilyWithKids","Baseline",0.685714285714286
"9529316","(1, 2)","ActiveAdults","Baseline",0.580645161290323
"9574087","(3, 8)","FamilyWithKids","Baseline",0.666666666666667
"9749751","(1, 2)","FamilyWithKids","Baseline",0.6
"9758155","(3, 8)","ActiveAdults","Baseline",0.444444444444444
"9805405","(1, 2)","ActiveAdults","Baseline",0.363636363636364
"9832521","(1, 2)","ActiveAdults","Baseline",0.777777777777778
"9842261","(3, 8)","FamilyWithKids","Baseline",0.538461538461538
"10105631","(1, 2)","FamilyWithKids","Baseline",0.173913043478261
"10139080","(3, 8)","FamilyWithKids","Baseline",0.75
"10257405","(3, 8)","ActiveAdults","Baseline",0.272727272727273
"10532324","(3, 8)","FamilyWithKids","Baseline",0.25
"10640319","(1, 2)","ActiveAdults","Baseline",0.769230769230769
"10801631","(3, 8)","ActiveAdults","Baseline",0.333333333333333
"10894040","(1, 2)","ActiveAdults","Baseline",0.5
"10894888","(3, 8)","ActiveAdults","Baseline",0.857142857142857
"10900743","(1, 2)","ActiveAdults","Baseline",0.25
"10911303","(3, 8)","FamilyWithKids","Baseline",0.725
"10925652","(3, 8)","ActiveAdults","Baseline",0.428571428571429
"11172871","(3, 8)","FamilyWithKids","Baseline",0.476190476190476
"11257237","(1, 2)","ActiveAdults","Baseline",0.72093023255814
"11627871","(3, 8)","FamilyWithKids","Baseline",0.285714285714286
"11729338","(3, 8)","FamilyWithKids","Baseline",0.538461538461538
"11779601","(3, 8)","FamilyWithKids","Baseline",0.5
"11852324","(3, 8)","ActiveAdults","Baseline",0.625
"11912555","(1, 2)","FamilyWithKids","Baseline",0.3
"12078622","(1, 2)","FamilyWithKids","Baseline",0.40625
"12120644","(1, 2)","FamilyWithKids","Baseline",0.695652173913043
"12167956","(3, 8)","ActiveAdults","Baseline",0.551724137931034
"12177802","(1, 2)","ActiveAdults","Baseline",0.481481481481482
"12223508","(3, 8)","FamilyWithKids","Baseline",0.705882352941177
"12237973","(3, 8)","ActiveAdults","Baseline",0.5
"12257542","(3, 8)","FamilyWithKids","Baseline",0
"12276650","(3, 8)","ActiveAdults","Baseline",0.444444444444444
"12504304","(1, 2)","ActiveAdults","Baseline",0.125
"12515785","(3, 8)","FamilyWithKids","Baseline",0.578947368421053
"12845306","(3, 8)","FamilyWithKids","Baseline",0.333333333333333
"12871209","(3, 8)","FamilyWithKids","Baseline",0.388888888888889
"12962537","(1, 2)","ActiveAdults","Baseline",0.416666666666667
"12980036","(3, 8)","ActiveAdults","Baseline",0.392857142857143
"12980061","(1, 2)","FamilyWithKids","Baseline",1
"13025896","(3, 8)","ActiveAdults","Baseline",0.421052631578947
"13031606","(1, 2)","FamilyWithKids","Baseline",0.588235294117647
"13046181","(3, 8)","ActiveAdults","Baseline",0.571428571428571
"13048293","(3, 8)","ActiveAdults","Baseline",0.5
"13070182","(3, 8)","FamilyWithKids","Baseline",0.4
"13248069","(3, 8)","ActiveAdults","Baseline",0
"13283749","(3, 8)","ActiveAdults","Baseline",0.275862068965517
"13337486","(3, 8)","FamilyWithKids","Baseline",0
"13363691","(1, 2)","ActiveAdults","Baseline",0.529411764705882
"13376772","(1, 2)","FamilyWithKids","Baseline",0.772727272727273
"18885480","(1, 2)","FamilyWithKids","Baseline",0.5
"18893240","(3, 8)","ActiveAdults","Baseline",0.473684210526316
"18910735","(3, 8)","ActiveAdults","Baseline",0.307692307692308
"18915996","(3, 8)","FamilyWithKids","Baseline",0.416666666666667
"18917984","(1, 2)","FamilyWithKids","Baseline",0.444444444444444
"18926713","(3, 8)","FamilyWithKids","Baseline",0.333333333333333
"18933798","(3, 8)","ActiveAdults","Baseline",0.571428571428571
"18939620","(3, 8)","FamilyWithKids","Baseline",0.625
"18949341","(3, 8)","ActiveAdults","Baseline",0.428571428571429
"18970164","(3, 8)","FamilyWithKids","Baseline",0.36734693877551
"18974058","(3, 8)","FamilyWithKids","Baseline",0.357142857142857
"18979272","(3, 8)","ActiveAdults","Baseline",0.541666666666667
"19000317","(3, 8)","FamilyWithKids","Baseline",0.173913043478261
"19006325","(3, 8)","FamilyWithKids","Baseline",0.421052631578947
"19031006","(1, 2)","ActiveAdults","Baseline",0.428571428571429
"19063947","(3, 8)","ActiveAdults","Baseline",0.5
"19065018","(1, 2)","ActiveAdults","Baseline",0.3125
"19081325","(3, 8)","FamilyWithKids","Baseline",0
"19111769","(3, 8)","ActiveAdults","Baseline",0.166666666666667
"19113568","(1, 2)","FamilyWithKids","Baseline",0
"19143595","(1, 2)","FamilyWithKids","Baseline",0.777777777777778
"19185625","(1, 2)","FamilyWithKids","Baseline",0.733333333333333
"19190685","(1, 2)","FamilyWithKids","Baseline",0
"19204079","(3, 8)","ActiveAdults","Baseline",0
"19210009","(3, 8)","FamilyWithKids","Baseline",0.266666666666667
"19211739","(3, 8)","ActiveAdults","Baseline",0.685185185185185
"19228548","(3, 8)","FamilyWithKids","Baseline",0.411764705882353
"19230069","(1, 2)","ActiveAdults","Baseline",0.136363636363636
"19243178","(3, 8)","FamilyWithKids","Baseline",0
"19262813","(1, 2)","ActiveAdults","Baseline",0.5
"19274514","(3, 8)","FamilyWithKids","Baseline",0.0625
"19286793","(3, 8)","FamilyWithKids","Baseline",0.133333333333333
"19317441","(3, 8)","FamilyWithKids","Baseline",0.625
"19337241","(3, 8)","FamilyWithKids","Baseline",0.558139534883721
"19341334","(1, 2)","ActiveAdults","Baseline",0
"19342043","(3, 8)","FamilyWithKids","Baseline",0.307692307692308
"19342312","(1, 2)","FamilyWithKids","Baseline",0.707317073170732
"19361406","(3, 8)","FamilyWithKids","Baseline",0.28
"19383196","(1, 2)","ActiveAdults","Baseline",0.375
"19394771","(1, 2)","FamilyWithKids","Baseline",0.444444444444444
"19398541","(1, 2)","ActiveAdults","Baseline",0
"19437256","(3, 8)","ActiveAdults","Baseline",0.347826086956522
"19441686","(3, 8)","FamilyWithKids","Baseline",0
"19454531","(3, 8)","ActiveAdults","Baseline",0
"19480086","(3, 8)","FamilyWithKids","Baseline",0.576923076923077
"19489701","(3, 8)","ActiveAdults","Baseline",0.548387096774194
"19514535","(1, 2)","FamilyWithKids","Baseline",0.782608695652174
"19523710","(3, 8)","FamilyWithKids","Baseline",0.540540540540541
"19529623","(3, 8)","FamilyWithKids","Baseline",0.615384615384615
"19546916","(3, 8)","FamilyWithKids","Baseline",0.416666666666667
"19572027","(3, 8)","FamilyWithKids","Baseline",0.268292682926829
"19575323","(1, 2)","ActiveAdults","Baseline",0.578947368421053
"19575511","(1, 2)","FamilyWithKids","Baseline",0.192307692307692
"19582754","(3, 8)","ActiveAdults","Baseline",0.2
"19586197","(3, 8)","ActiveAdults","Baseline",0.576923076923077
"19589390","(3, 8)","FamilyWithKids","Baseline",0.272727272727273
"19593919","(3, 8)","ActiveAdults","Baseline",0.5
"19595267","(3, 8)","ActiveAdults","Baseline",0.333333333333333
"19620636","(3, 8)","ActiveAdults","Baseline",0.533333333333333
"19633437","(3, 8)","FamilyWithKids","Baseline",0.65
"19635030","(3, 8)","ActiveAdults","Baseline",0.4
"25527026","(3, 8)","FamilyWithKids","Baseline",0.694444444444444
"25616425","(1, 2)","FamilyWithKids","Baseline",0.638888888888889
"25624350","(3, 8)","FamilyWithKids","Baseline",0.31578947368421
"25797019","(3, 8)","ActiveAdults","Baseline",0.611111111111111
"25819293","(1, 2)","FamilyWithKids","Baseline",0.2
"25879492","(1, 2)","FamilyWithKids","Baseline",0.384615384615385
"25900167","(1, 2)","FamilyWithKids","Baseline",0
"26252886","(1, 2)","ActiveAdults","Baseline",0.222222222222222
"26253630","(3, 8)","ActiveAdults","Baseline",0.75
"26258025","(3, 8)","ActiveAdults","Baseline",0.166666666666667
"26269376","(3, 8)","ActiveAdults","Baseline",0.7
"26269953","(1, 2)","FamilyWithKids","Baseline",0.277777777777778
"26296755","(1, 2)","ActiveAdults","Baseline",0.4
"26305411","(1, 2)","FamilyWithKids","Baseline",0.111111111111111
"26306475","(3, 8)","ActiveAdults","Baseline",0.363636363636364
"26322109","(3, 8)","FamilyWithKids","Baseline",0.818181818181818
"26344568","(3, 8)","ActiveAdults","Baseline",0.307692307692308
"26346002","(3, 8)","FamilyWithKids","Baseline",0.48
"26364901","(1, 2)","ActiveAdults","Baseline",0.3125
"26378476","(1, 2)","FamilyWithKids","Baseline",0.590909090909091
"26387868","(1, 2)","FamilyWithKids","Baseline",0.555555555555556
"26390959","(1, 2)","FamilyWithKids","Baseline",0.733333333333333
"26400080","(1, 2)","FamilyWithKids","Baseline",0.5
"26400246","(1, 2)","FamilyWithKids","Baseline",0
"26402016","(1, 2)","FamilyWithKids","Baseline",0.704545454545455
"26460149","(1, 2)","ActiveAdults","Baseline",0.5
"26475795","(3, 8)","ActiveAdults","Baseline",0.157894736842105
"26489265","(3, 8)","FamilyWithKids","Baseline",0.272727272727273
"26491740","(3, 8)","FamilyWithKids","Baseline",0.8
"26495222","(3, 8)","FamilyWithKids","Baseline",0.424242424242424
"26502467","(3, 8)","FamilyWithKids","Baseline",0.821428571428571
"26502565","(3, 8)","ActiveAdults","Baseline",0.55
"26513012","(1, 2)","ActiveAdults","Baseline",0.133333333333333
"26513514","(1, 2)","FamilyWithKids","Baseline",0.666666666666667
"26513722","(3, 8)","FamilyWithKids","Baseline",0.571428571428571
"26518495","(3, 8)","FamilyWithKids","Baseline",0.352941176470588
"26518659","(3, 8)","FamilyWithKids","Baseline",0.7
"26521517","(3, 8)","ActiveAdults","Baseline",0.454545454545454
"26522464","(1, 2)","FamilyWithKids","Baseline",0.432432432432432
"26535189","(3, 8)","FamilyWithKids","Baseline",0.711111111111111
"26544416","(3, 8)","ActiveAdults","Baseline",0
"26569507","(1, 2)","ActiveAdults","Baseline",0.4
"26578057","(1, 2)","FamilyWithKids","Baseline",0.2
"26585161","(1, 2)","FamilyWithKids","Baseline",0
"26589462","(1, 2)","ActiveAdults","Baseline",0.842105263157895
"26589534","(1, 2)","ActiveAdults","Baseline",0.4
"26600478","(1, 2)","ActiveAdults","Baseline",0.545454545454545
"26601946","(3, 8)","ActiveAdults","Baseline",0.571428571428571
"26618701","(3, 8)","ActiveAdults","Baseline",0.25
"29276526","(3, 8)","FamilyWithKids","Baseline",0.666666666666667
"29284158","(3, 8)","ActiveAdults","Baseline",0.666666666666667
"29304039","(3, 8)","ActiveAdults","Baseline",0.466666666666667
"29313565","(1, 2)","FamilyWithKids","Baseline",0.444444444444444
"29321769","(1, 2)","FamilyWithKids","Baseline",1
"29337923","(3, 8)","ActiveAdults","Baseline",0
"29347236","(3, 8)","FamilyWithKids","Baseline",0.428571428571429
"29365545","(1, 2)","FamilyWithKids","Baseline",0.34375
"29380088","(3, 8)","FamilyWithKids","Baseline",0.619047619047619
"29406267","(3, 8)","ActiveAdults","Baseline",0.25
"29416697","(3, 8)","FamilyWithKids","Baseline",0.548387096774194
"29430523","(1, 2)","FamilyWithKids","Baseline",0
"29453248","(3, 8)","FamilyWithKids","Baseline",0.166666666666667
"29468396","(1, 2)","ActiveAdults","Baseline",0.285714285714286
"29468484","(3, 8)","ActiveAdults","Baseline",0.0833333333333333
"29480655","(1, 2)","FamilyWithKids","Baseline",0.424242424242424
"34567526","(1, 2)","ActiveAdults","Baseline",0.8
"34571275","(3, 8)","ActiveAdults","Baseline",0.333333333333333
"34586076","(1, 2)","ActiveAdults","Baseline",0.444444444444444
"34586106","(1, 2)","FamilyWithKids","Baseline",0.15
"34610793","(1, 2)","ActiveAdults","Baseline",0.588235294117647
"34614938","(1, 2)","ActiveAdults","Baseline",0.25
"34640970","(1, 2)","ActiveAdults","Baseline",0.5
"34641300","(1, 2)","FamilyWithKids","Baseline",0.478260869565217
"34725020","(3, 8)","FamilyWithKids","Baseline",0.333333333333333
"34732848","(3, 8)","ActiveAdults","Baseline",0.111111111111111
"34761632","(1, 2)","FamilyWithKids","Baseline",0.521739130434783
"34764938","(3, 8)","FamilyWithKids","Baseline",0.545454545454545
"34765018","(3, 8)","FamilyWithKids","Baseline",0.703703703703704
"34775748","(1, 2)","ActiveAdults","Baseline",0.2
"34800212","(3, 8)","FamilyWithKids","Baseline",0.68421052631579
"34811172","(1, 2)","FamilyWithKids","Baseline",0
"34813125","(1, 2)","FamilyWithKids","Baseline",0.903225806451613
"34829163","(1, 2)","FamilyWithKids","Baseline",0.888888888888889
"34849271","(3, 8)","ActiveAdults","Baseline",0
"34869011","(3, 8)","FamilyWithKids","Baseline",0.272727272727273
"34880990","(1, 2)","ActiveAdults","Baseline",0.605263157894737
"34900016","(3, 8)","FamilyWithKids","Baseline",0.371428571428571
"34921742","(3, 8)","ActiveAdults","Baseline",0
"34925450","(1, 2)","ActiveAdults","Baseline",0.25
"34939564","(3, 8)","FamilyWithKids","Baseline",0.6
"34946074","(1, 2)","FamilyWithKids","Baseline",0.25
"34950147","(3, 8)","ActiveAdults","Baseline",0.777777777777778
"34959503","(1, 2)","ActiveAdults","Baseline",0.424242424242424
"34983607","(3, 8)","ActiveAdults","Baseline",0.631578947368421
"34992565","(3, 8)","ActiveAdults","Baseline",0.409090909090909
"35005435","(1, 2)","ActiveAdults","Baseline",0.421052631578947
"35006354","(1, 2)","FamilyWithKids","Baseline",0.714285714285714
"35019444","(1, 2)","FamilyWithKids","Baseline",0
"35027402","(1, 2)","ActiveAdults","Baseline",0.423076923076923
"35032328","(3, 8)","ActiveAdults","Baseline",0.565217391304348
"35094713","(3, 8)","ActiveAdults","Baseline",0.5
"35101316","(3, 8)","ActiveAdults","Baseline",0.125
"35103099","(1, 2)","ActiveAdults","Baseline",0.111111111111111
"35122644","(3, 8)","ActiveAdults","Baseline",0.851851851851852
"35132468","(1, 2)","ActiveAdults","Baseline",0.4
"35136756","(1, 2)","FamilyWithKids","Baseline",0.642857142857143
"35140443","(3, 8)","ActiveAdults","Baseline",0.473684210526316
"35142649","(3, 8)","FamilyWithKids","Baseline",0.931034482758621
"35185758","(3, 8)","ActiveAdults","Baseline",0.333333333333333
"35203400","(1, 2)","FamilyWithKids","Baseline",0.736842105263158
"35231900","(1, 2)","ActiveAdults","Baseline",1
"35232883","(3, 8)","ActiveAdults","Baseline",0
"35238063","(1, 2)","FamilyWithKids","Baseline",0.409090909090909
"35255400","(1, 2)","FamilyWithKids","Baseline",0.222222222222222
"35268006","(1, 2)","FamilyWithKids","Baseline",0.67741935483871
"35300245","(1, 2)","FamilyWithKids","Baseline",0.5
"35300600","(1, 2)","FamilyWithKids","Baseline",0
"35302000","(1, 2)","FamilyWithKids","Baseline",0.714285714285714
"35329337","(3, 8)","FamilyWithKids","Baseline",0.25
"39589733","(1, 2)","ActiveAdults","Baseline",0.65
"39592340","(3, 8)","ActiveAdults","Baseline",0.25
"39630514","(1, 2)","ActiveAdults","Baseline",0.833333333333333
"39633120","(1, 2)","FamilyWithKids","Baseline",0.590909090909091
"39661494","(3, 8)","FamilyWithKids","Baseline",0.5
"39674683","(3, 8)","ActiveAdults","Baseline",0.452380952380952
"39680217","(1, 2)","ActiveAdults","Baseline",0.64
"39733671","(3, 8)","ActiveAdults","Baseline",0.428571428571429
"39736627","(3, 8)","FamilyWithKids","Baseline",0.368421052631579
"39741603","(3, 8)","FamilyWithKids","Baseline",0.625
"39748303","(1, 2)","FamilyWithKids","Baseline",0.291666666666667
"39756194","(3, 8)","FamilyWithKids","Baseline",0.590909090909091
"39776678","(1, 2)","FamilyWithKids","Baseline",0.647058823529412
"39808384","(3, 8)","ActiveAdults","Baseline",0.111111111111111
"39820803","(3, 8)","ActiveAdults","Baseline",0
"39823522","(1, 2)","ActiveAdults","Baseline",0.181818181818182
"39824254","(1, 2)","ActiveAdults","Baseline",0.444444444444444
"39847892","(3, 8)","FamilyWithKids","Baseline",0.461538461538462
"39848592","(3, 8)","ActiveAdults","Baseline",0.166666666666667
"39850588","(3, 8)","FamilyWithKids","Baseline",0.32258064516129
"39854202","(3, 8)","ActiveAdults","Baseline",0
"39858422","(1, 2)","ActiveAdults","Baseline",0.5625
"39860814","(3, 8)","FamilyWithKids","Baseline",0.333333333333333
"39936339","(1, 2)","FamilyWithKids","Baseline",0.4
"39973308","(1, 2)","ActiveAdults","Baseline",0.0909090909090909
"39977619","(3, 8)","FamilyWithKids","Baseline",0.384615384615385
"39981995","(3, 8)","FamilyWithKids","Baseline",0
"39994483","(3, 8)","FamilyWithKids","Baseline",0.612903225806452
"39999611","(3, 8)","ActiveAdults","Baseline",0.15
"40022328","(3, 8)","ActiveAdults","Baseline",0.458333333333333
"40023054","(3, 8)","FamilyWithKids","Baseline",0.55
"40053636","(1, 2)","ActiveAdults","Baseline",1
"40070326","(1, 2)","FamilyWithKids","Baseline",0.525
"40084053","(1, 2)","FamilyWithKids","Baseline",0.285714285714286
"40097852","(3, 8)","ActiveAdults","Baseline",0.342857142857143
"40108582","(3, 8)","ActiveAdults","Baseline",0
"40169462","(3, 8)","ActiveAdults","Baseline",0.142857142857143
"40182046","(3, 8)","FamilyWithKids","Baseline",0.468085106382979
"40196046","(3, 8)","ActiveAdults","Baseline",0
"40215452","(1, 2)","FamilyWithKids","Baseline",0.666666666666667
"40223973","(3, 8)","FamilyWithKids","Baseline",0.696969696969697
"40226426","(1, 2)","ActiveAdults","Baseline",0.409090909090909
"40232464","(1, 2)","ActiveAdults","Baseline",0
"40232955","(1, 2)","ActiveAdults","Baseline",0.628571428571429
"40248047","(1, 2)","FamilyWithKids","Baseline",0.533333333333333
"40254248","(1, 2)","ActiveAdults","Baseline",0.24
"40270915","(3, 8)","FamilyWithKids","Baseline",0.566666666666667
"40288817","(3, 8)","ActiveAdults","Baseline",0.4
"40292044","(1, 2)","ActiveAdults","Baseline",0.34375
"40304196","(1, 2)","FamilyWithKids","Baseline",0.461538461538462
"40308501","(3, 8)","FamilyWithKids","Baseline",0.414634146341463
"40326822","(3, 8)","ActiveAdults","Baseline",0.333333333333333
"40347802","(3, 8)","FamilyWithKids","Baseline",0.111111111111111
"40348254","(1, 2)","FamilyWithKids","Baseline",0.5
"40350785","(1, 2)","FamilyWithKids","Baseline",0.228571428571429
"50282366","(3, 8)","ActiveAdults","Baseline",0.4375
"50514112","(3, 8)","FamilyWithKids","Baseline",0
"50728612","(3, 8)","ActiveAdults","Baseline",0.608695652173913
"50745069","(3, 8)","FamilyWithKids","Baseline",0
"50800943","(1, 2)","FamilyWithKids","Baseline",0.363636363636364
"50836946","(3, 8)","ActiveAdults","Baseline",0.666666666666667
"50849946","(1, 2)","ActiveAdults","Baseline",0
"50967359","(3, 8)","FamilyWithKids","Baseline",0.375
"51078948","(3, 8)","ActiveAdults","Baseline",0.3125
"51101589","(1, 2)","FamilyWithKids","Baseline",0.555555555555556
"51136114","(3, 8)","ActiveAdults","Baseline",0.434782608695652
"51136225","(1, 2)","FamilyWithKids","Baseline",0
"51274788","(3, 8)","ActiveAdults","Baseline",0.133333333333333
"51327660","(3, 8)","FamilyWithKids","Baseline",0.142857142857143
"51349560","(1, 2)","ActiveAdults","Baseline",0.647058823529412
"51376374","(1, 2)","FamilyWithKids","Baseline",0.794871794871795
"51480876","(3, 8)","ActiveAdults","Baseline",0.411764705882353
"53499938","(3, 8)","ActiveAdults","Baseline",0.478260869565217
"53814005","(1, 2)","FamilyWithKids","Baseline",0.464285714285714
"54246765","(3, 8)","ActiveAdults","Baseline",0.125
"54706275","(3, 8)","FamilyWithKids","Baseline",0.434782608695652
"55031571","(3, 8)","FamilyWithKids","Baseline",0.75
"58104487","(1, 2)","ActiveAdults","Baseline",0.826086956521739
"58112970","(1, 2)","ActiveAdults","Baseline",0.636363636363636
"58113416","(3, 8)","FamilyWithKids","Baseline",0.5
"58139794","(3, 8)","FamilyWithKids","Baseline",0.0882352941176471
"58149188","(1, 2)","FamilyWithKids","Baseline",0.357142857142857
"58156906","(3, 8)","ActiveAdults","Baseline",0.464285714285714
"58156989","(1, 2)","ActiveAdults","Baseline",0.285714285714286
"58157344","(3, 8)","ActiveAdults","Baseline",0.566666666666667
"58158708","(3, 8)","FamilyWithKids","Baseline",0.386363636363636
"58160608","(3, 8)","ActiveAdults","Baseline",0.5
"58180839","(3, 8)","ActiveAdults","Baseline",0.411764705882353
"58186213","(1, 2)","ActiveAdults","Baseline",0.5
"58192769","(3, 8)","FamilyWithKids","Baseline",0
"58196114","(1, 2)","ActiveAdults","Baseline",0.666666666666667
"58196507","(3, 8)","FamilyWithKids","Baseline",0.444444444444444
"58208210","(1, 2)","ActiveAdults","Baseline",0.566666666666667
"58226070","(1, 2)","FamilyWithKids","Baseline",0.5
"58226234","(3, 8)","ActiveAdults","Baseline",0.333333333333333
"58228524","(3, 8)","FamilyWithKids","Baseline",0
"58270167","(3, 8)","FamilyWithKids","Baseline",0
"58277118","(3, 8)","ActiveAdults","Baseline",0.533333333333333
"58277624","(1, 2)","FamilyWithKids","Baseline",0.181818181818182
"58283898","(1, 2)","FamilyWithKids","Baseline",0
"58284638","(3, 8)","FamilyWithKids","Baseline",0
"58302844","(3, 8)","ActiveAdults","Baseline",0.454545454545454
"58316009","(1, 2)","ActiveAdults","Baseline",0.2
"58316652","(3, 8)","ActiveAdults","Baseline",0.5625
"58329048","(3, 8)","FamilyWithKids","Baseline",0.9
"58332519","(1, 2)","FamilyWithKids","Baseline",0.375
"58344588","(1, 2)","FamilyWithKids","Baseline",0.72093023255814
"58356243","(3, 8)","FamilyWithKids","Baseline",0.692307692307692
"58360541","(3, 8)","FamilyWithKids","Baseline",0.419354838709677
"58367546","(1, 2)","FamilyWithKids","Baseline",0.511627906976744
"58367725","(3, 8)","FamilyWithKids","Baseline",0.533333333333333
"58375677","(3, 8)","ActiveAdults","Baseline",0
"58383372","(1, 2)","ActiveAdults","Baseline",0.523809523809524
"58385128","(1, 2)","FamilyWithKids","Baseline",0.68
"58388130","(1, 2)","ActiveAdults","Baseline",0.476190476190476
"58388694","(1, 2)","ActiveAdults","Baseline",0.125
"58392459","(1, 2)","ActiveAdults","Baseline",0
"58407838","(1, 2)","FamilyWithKids","Baseline",0.472222222222222
"58416269","(3, 8)","ActiveAdults","Baseline",0
"58441256","(1, 2)","FamilyWithKids","Baseline",0.31578947368421
"58447894","(1, 2)","ActiveAdults","Baseline",0.454545454545454
"58455302","(1, 2)","FamilyWithKids","Baseline",0.625
"58459782","(1, 2)","ActiveAdults","Baseline",0.517241379310345
"58475510","(3, 8)","ActiveAdults","Baseline",0.5
"58480922","(1, 2)","ActiveAdults","Baseline",0
"58495505","(1, 2)","FamilyWithKids","Baseline",0.378378378378378
"58496620","(1, 2)","ActiveAdults","Baseline",0
"58508502","(3, 8)","FamilyWithKids","Baseline",0.357142857142857
"58513193","(1, 2)","ActiveAdults","Baseline",0.269230769230769
"58516324","(1, 2)","FamilyWithKids","Baseline",0.576923076923077
"58523802","(1, 2)","ActiveAdults","Baseline",0.636363636363636
"58524204","(1, 2)","FamilyWithKids","Baseline",0.291666666666667
"59670237","(1, 2)","FamilyWithKids","Baseline",0.714285714285714
"59682382","(3, 8)","FamilyWithKids","Baseline",0.84
"59687794","(1, 2)","FamilyWithKids","Baseline",0.594594594594595
"59699781","(3, 8)","ActiveAdults","Baseline",0.5625
"59702734","(1, 2)","ActiveAdults","Baseline",0.2
"59712747","(3, 8)","FamilyWithKids","Baseline",0.521739130434783
"59728494","(3, 8)","FamilyWithKids","Baseline",0.75
"59729184","(1, 2)","FamilyWithKids","Baseline",0.380952380952381
"59739148","(3, 8)","FamilyWithKids","Baseline",0.653846153846154
"59760632","(3, 8)","FamilyWithKids","Baseline",0.4
"59768083","(3, 8)","FamilyWithKids","Baseline",0.84
"59778528","(1, 2)","FamilyWithKids","Baseline",0.551724137931034
"59779125","(1, 2)","FamilyWithKids","Baseline",0.486486486486487
"59779535","(3, 8)","ActiveAdults","Baseline",0
"59782362","(3, 8)","FamilyWithKids","Baseline",0.742857142857143
"59806333","(1, 2)","FamilyWithKids","Baseline",0.666666666666667
"59817860","(1, 2)","ActiveAdults","Baseline",0.55
"59839642","(1, 2)","ActiveAdults","Baseline",0.666666666666667
"59844166","(3, 8)","ActiveAdults","Baseline",0.4
"59847659","(3, 8)","FamilyWithKids","Baseline",0.162790697674419
"59852517","(3, 8)","FamilyWithKids","Baseline",0.606060606060606
"59884707","(1, 2)","FamilyWithKids","Baseline",0.166666666666667
"59891701","(1, 2)","ActiveAdults","Baseline",0.756756756756757
"59897913","(3, 8)","FamilyWithKids","Baseline",0
"59920428","(3, 8)","ActiveAdults","Baseline",0.588235294117647
"59924568","(3, 8)","FamilyWithKids","Baseline",0.6
"59925221","(1, 2)","ActiveAdults","Baseline",0.823529411764706
"59955036","(1, 2)","ActiveAdults","Baseline",0.695652173913043
"59956735","(1, 2)","ActiveAdults","Baseline",0.181818181818182
"59965372","(1, 2)","FamilyWithKids","Baseline",0.424242424242424
"59965529","(1, 2)","ActiveAdults","Baseline",0.461538461538462
"59967820","(3, 8)","ActiveAdults","Baseline",0.638297872340426
"59976140","(3, 8)","ActiveAdults","Baseline",0.675
"59981970","(1, 2)","FamilyWithKids","Baseline",0.266666666666667
"59986777","(3, 8)","FamilyWithKids","Baseline",0.0645161290322581
"59989188","(1, 2)","ActiveAdults","Baseline",0.647058823529412
"59998127","(3, 8)","ActiveAdults","Baseline",0.714285714285714
"60007334","(1, 2)","FamilyWithKids","Baseline",0
"60012661","(3, 8)","ActiveAdults","Baseline",0.545454545454545
"60017117","(1, 2)","FamilyWithKids","Baseline",0.444444444444444
"60573496","(1, 2)","FamilyWithKids","Baseline",0.363636363636364
"60922670","(1, 2)","ActiveAdults","Baseline",0.444444444444444
"61416621","(1, 2)","FamilyWithKids","Baseline",0.357142857142857
"62735475","(1, 2)","ActiveAdults","Baseline",0.363636363636364
"62768564","(3, 8)","FamilyWithKids","Baseline",0.633333333333333
"62813306","(3, 8)","FamilyWithKids","Baseline",0.7
"62874679","(3, 8)","ActiveAdults","Baseline",0.25
"63151674","(1, 2)","ActiveAdults","Baseline",0.416666666666667
"63397481","(3, 8)","FamilyWithKids","Baseline",0.368421052631579
"65720584","(1, 2)","ActiveAdults","Baseline",0.533333333333333
"66104531","(3, 8)","FamilyWithKids","Baseline",0.5
"66630660","(3, 8)","FamilyWithKids","Baseline",0.3125
"66695274","(3, 8)","FamilyWithKids","Baseline",0.368421052631579
"66761145","(3, 8)","ActiveAdults","Baseline",0
"66775915","(3, 8)","ActiveAdults","Baseline",0.454545454545454
"66871006","(3, 8)","FamilyWithKids","Baseline",0.236842105263158
"66881061","(1, 2)","FamilyWithKids","Baseline",0.740740740740741
"66889077","(1, 2)","FamilyWithKids","Baseline",0
"66898004","(3, 8)","FamilyWithKids","Baseline",0.615384615384615
"66964628","(3, 8)","ActiveAdults","Baseline",0.214285714285714
"66979231","(1, 2)","FamilyWithKids","Baseline",0.5
"67059108","(3, 8)","ActiveAdults","Baseline",0.642857142857143
"67108875","(3, 8)","ActiveAdults","Baseline",0.15
"67146581","(1, 2)","ActiveAdults","Baseline",0.125
"67321986","(1, 2)","FamilyWithKids","Baseline",0.296296296296296
"69159403","(3, 8)","ActiveAdults","Baseline",0.555555555555556
"69219956","(3, 8)","ActiveAdults","Baseline",0.2
"69474696","(1, 2)","FamilyWithKids","Baseline",0.818181818181818
"69726411","(1, 2)","ActiveAdults","Baseline",0
"70799511","(1, 2)","ActiveAdults","Baseline",0.428571428571429
"71229353","(1, 2)","ActiveAdults","Baseline",0.428571428571429
"71475037","(3, 8)","FamilyWithKids","Baseline",0.32258064516129
"71493852","(1, 2)","FamilyWithKids","Baseline",0
"71501592","(1, 2)","ActiveAdults","Baseline",0
"71506017","(1, 2)","ActiveAdults","Baseline",0
"71524187","(3, 8)","FamilyWithKids","Baseline",0
"71543400","(3, 8)","FamilyWithKids","Baseline",0.454545454545454
"71561002","(3, 8)","ActiveAdults","Baseline",0
"72941082","(3, 8)","FamilyWithKids","Baseline",0.56
"72974206","(3, 8)","FamilyWithKids","Baseline",0.307692307692308
"75691228","(3, 8)","FamilyWithKids","Baseline",0.694444444444444
"75936022","(1, 2)","ActiveAdults","Baseline",0.2
"75985833","(3, 8)","ActiveAdults","Baseline",0.578947368421053
"76016359","(3, 8)","FamilyWithKids","Baseline",0.3125
"76415707","(1, 2)","ActiveAdults","Baseline",0
"77579570","(3, 8)","FamilyWithKids","Baseline",0.3125
"77675855","(3, 8)","FamilyWithKids","Baseline",0.333333333333333
"77826003","(1, 2)","ActiveAdults","Baseline",0.666666666666667
"77836267","(3, 8)","ActiveAdults","Baseline",0.0833333333333333
"78120804","(3, 8)","ActiveAdults","Baseline",0.575757575757576
"78142110","(3, 8)","FamilyWithKids","Baseline",0.238095238095238
"78590280","(3, 8)","FamilyWithKids","Baseline",0.45945945945946
"79540099","(1, 2)","ActiveAdults","Baseline",0.15
"79547988","(3, 8)","ActiveAdults","Baseline",0.542857142857143
"79553779","(1, 2)","FamilyWithKids","Baseline",0.454545454545454
"79565264","(1, 2)","FamilyWithKids","Baseline",0.62
"79579977","(1, 2)","FamilyWithKids","Baseline",0.555555555555556
"79600241","(1, 2)","FamilyWithKids","Baseline",0.5
"79616479","(1, 2)","FamilyWithKids","Baseline",0.44
"79624842","(3, 8)","FamilyWithKids","Baseline",0.2
"79628652","(1, 2)","FamilyWithKids","Baseline",0.555555555555556
"79638979","(3, 8)","ActiveAdults","Baseline",0.571428571428571
"79640490","(1, 2)","ActiveAdults","Baseline",0.472222222222222
"79644159","(3, 8)","FamilyWithKids","Baseline",0
"79644549","(1, 2)","ActiveAdults","Baseline",0
"79645625","(1, 2)","FamilyWithKids","Baseline",0
"79651680","(3, 8)","ActiveAdults","Baseline",0.333333333333333
"80165689","(1, 2)","ActiveAdults","Baseline",0.214285714285714
"80171891","(3, 8)","FamilyWithKids","Baseline",0.666666666666667
"80175572","(1, 2)","ActiveAdults","Baseline",0.733333333333333
"80186376","(1, 2)","FamilyWithKids","Baseline",0.285714285714286
"80194920","(3, 8)","ActiveAdults","Baseline",0
"80202170","(1, 2)","ActiveAdults","Baseline",0.176470588235294
"80202552","(3, 8)","FamilyWithKids","Baseline",0.678571428571429
"80220912","(3, 8)","ActiveAdults","Baseline",0
"80232412","(1, 2)","ActiveAdults","Baseline",0
"80239063","(1, 2)","ActiveAdults","Baseline",0.67741935483871
"80239180","(1, 2)","FamilyWithKids","Baseline",0.46875
"80249066","(1, 2)","ActiveAdults","Baseline",0.153846153846154
"80323953","(3, 8)","FamilyWithKids","Baseline",0.5
"80328203","(3, 8)","ActiveAdults","Baseline",0.5
"80328404","(1, 2)","ActiveAdults","Baseline",0.0909090909090909
"80339337","(1, 2)","ActiveAdults","Baseline",0.125
"80354647","(3, 8)","FamilyWithKids","Baseline",0.513513513513513
"80356295","(1, 2)","FamilyWithKids","Baseline",0
"80357713","(1, 2)","ActiveAdults","Baseline",0.260869565217391
"80360482","(3, 8)","FamilyWithKids","Baseline",0.555555555555556
"80362603","(3, 8)","FamilyWithKids","Baseline",0.515151515151515
"80378375","(3, 8)","ActiveAdults","Baseline",1
"80387642","(1, 2)","ActiveAdults","Baseline",0.173913043478261
"80463017","(1, 2)","ActiveAdults","Baseline",0.3125
"80704590","(1, 2)","ActiveAdults","Baseline",0.533333333333333
"81548965","(1, 2)","FamilyWithKids","Baseline",0.4
"81590621","(1, 2)","ActiveAdults","Baseline",0.333333333333333
"81622416","(3, 8)","FamilyWithKids","Baseline",0.5
"81656321","(3, 8)","ActiveAdults","Baseline",0.2
"81667387","(1, 2)","FamilyWithKids","Baseline",0
"82605528","(3, 8)","FamilyWithKids","Baseline",0.758620689655172
"82786308","(1, 2)","ActiveAdults","Baseline",0.181818181818182
"82993917","(3, 8)","FamilyWithKids","Baseline",0.55
"82995451","(1, 2)","ActiveAdults","Baseline",0
"83019383","(1, 2)","ActiveAdults","Baseline",0.75
"83130588","(1, 2)","ActiveAdults","Baseline",0.692307692307692
"83282531","(1, 2)","ActiveAdults","Baseline",0
"83300633","(1, 2)","ActiveAdults","Baseline",0.875
"83338190","(3, 8)","FamilyWithKids","Baseline",0.571428571428571
"83346120","(1, 2)","ActiveAdults","Baseline",0.2
"83349149","(3, 8)","ActiveAdults","Baseline",0
"83358751","(3, 8)","ActiveAdults","Baseline",0.56
"83364178","(1, 2)","ActiveAdults","Baseline",0.5
"83364844","(1, 2)","ActiveAdults","Baseline",0.5
"83364884","(3, 8)","FamilyWithKids","Baseline",0.428571428571429
"83365219","(3, 8)","ActiveAdults","Baseline",0.307692307692308
"83372832","(1, 2)","ActiveAdults","Baseline",0
"83378863","(1, 2)","ActiveAdults","Baseline",0.666666666666667
"83380901","(1, 2)","ActiveAdults","Baseline",0
"83382861","(3, 8)","FamilyWithKids","Baseline",0.588235294117647
"83384197","(1, 2)","ActiveAdults","Baseline",0.125
"83393777","(3, 8)","ActiveAdults","Baseline",0
"83395000","(3, 8)","FamilyWithKids","Baseline",0.521739130434783
"83400043","(1, 2)","ActiveAdults","Baseline",0.53125
"83400941","(1, 2)","ActiveAdults","Baseline",0.5
"83401156","(3, 8)","FamilyWithKids","Baseline",0.642857142857143
"83401618","(1, 2)","ActiveAdults","Baseline",0.722222222222222
"83401731","(1, 2)","ActiveAdults","Baseline",0.384615384615385
"83408558","(3, 8)","ActiveAdults","Baseline",0.0869565217391304
"83413734","(3, 8)","ActiveAdults","Baseline",0
"83414622","(1, 2)","FamilyWithKids","Baseline",0.461538461538462
"83425959","(1, 2)","ActiveAdults","Baseline",0.476190476190476
"83428501","(1, 2)","ActiveAdults","Baseline",0.5625
"83434713","(1, 2)","ActiveAdults","Baseline",0.214285714285714
"83436203","(3, 8)","ActiveAdults","Baseline",0
"83446050","(1, 2)","ActiveAdults","Baseline",0
"83461166","(3, 8)","FamilyWithKids","Baseline",0.470588235294118
"83461665","(3, 8)","FamilyWithKids","Baseline",0
"83462435","(1, 2)","ActiveAdults","Baseline",0.608695652173913
"83465494","(3, 8)","ActiveAdults","Baseline",0
"83490935","(3, 8)","ActiveAdults","Baseline",0.0714285714285714
"83513598","(1, 2)","ActiveAdults","Baseline",0
"83518781","(3, 8)","FamilyWithKids","Baseline",0.666666666666667
"83521436","(1, 2)","ActiveAdults","Baseline",0.6
"83522448","(3, 8)","ActiveAdults","Baseline",0.451612903225806
"83526677","(3, 8)","FamilyWithKids","Baseline",0.4
"83530334","(3, 8)","ActiveAdults","Baseline",0
"83535649","(3, 8)","ActiveAdults","Baseline",1
"83559746","(1, 2)","ActiveAdults","Baseline",0.411764705882353
"83563372","(1, 2)","FamilyWithKids","Baseline",0.75
"83576584","(3, 8)","ActiveAdults","Baseline",0.411764705882353
"83578799","(1, 2)","ActiveAdults","Baseline",0.3
"83594599","(1, 2)","ActiveAdults","Baseline",0.428571428571429
"83594729","(1, 2)","FamilyWithKids","Baseline",0.533333333333333
"83597079","(1, 2)","ActiveAdults","Baseline",0.285714285714286
"83630572","(3, 8)","FamilyWithKids","Baseline",0.529411764705882
"83655957","(3, 8)","ActiveAdults","Baseline",0.428571428571429
"83664384","(1, 2)","FamilyWithKids","Baseline",0.857142857142857
"83665040","(1, 2)","FamilyWithKids","Baseline",0.5
"83679888","(3, 8)","ActiveAdults","Baseline",0
"83685018","(1, 2)","ActiveAdults","Baseline",0.136363636363636
"83690941","(1, 2)","FamilyWithKids","Baseline",0.45
"83700631","(3, 8)","FamilyWithKids","Baseline",0
"83704924","(3, 8)","ActiveAdults","Baseline",0.357142857142857
"83706532","(3, 8)","FamilyWithKids","Baseline",0.166666666666667
"83709440","(1, 2)","ActiveAdults","Baseline",0.533333333333333
"83719657","(1, 2)","ActiveAdults","Baseline",0.461538461538462
"83724551","(3, 8)","FamilyWithKids","Baseline",0.8
"83727639","(3, 8)","ActiveAdults","Baseline",0.4375
"83731716","(1, 2)","ActiveAdults","Baseline",0.857142857142857
"83738363","(1, 2)","ActiveAdults","Baseline",0
"83738446","(3, 8)","ActiveAdults","Baseline",0.333333333333333
"83753913","(1, 2)","FamilyWithKids","Baseline",0.591836734693878
"83765317","(3, 8)","FamilyWithKids","Baseline",0
"83771436","(1, 2)","FamilyWithKids","Baseline",0.4
"83771885","(3, 8)","FamilyWithKids","Baseline",0.4
"83775304","(1, 2)","ActiveAdults","Baseline",0
"83792313","(3, 8)","FamilyWithKids","Baseline",0.0384615384615385
"83794224","(1, 2)","FamilyWithKids","Baseline",0.642857142857143
"84465474","(3, 8)","FamilyWithKids","Baseline",0.375
"84500782","(3, 8)","FamilyWithKids","Baseline",0.0909090909090909
"84682115","(1, 2)","ActiveAdults","Baseline",0.333333333333333
"84760514","(3, 8)","FamilyWithKids","Baseline",0.379310344827586
"84818244","(3, 8)","ActiveAdults","Baseline",0
"85304894","(1, 2)","ActiveAdults","Baseline",0.6875
"86203769","(1, 2)","FamilyWithKids","Baseline",0.470588235294118
"86652832","(1, 2)","FamilyWithKids","Baseline",0.576923076923077
"87369444","(3, 8)","FamilyWithKids","Baseline",0.518518518518518
"87378212","(1, 2)","ActiveAdults","Baseline",0
"87379555","(1, 2)","ActiveAdults","Baseline",0.6
"87379801","(1, 2)","ActiveAdults","Baseline",0
"87384647","(1, 2)","ActiveAdults","Baseline",0.25
"87386240","(1, 2)","ActiveAdults","Baseline",0.692307692307692
"87408632","(3, 8)","ActiveAdults","Baseline",0
"87415946","(3, 8)","ActiveAdults","Baseline",0
"87419772","(3, 8)","ActiveAdults","Baseline",0.5
"87422715","(1, 2)","ActiveAdults","Baseline",0.347826086956522
"87456189","(1, 2)","ActiveAdults","Baseline",0.6
"87462021","(1, 2)","ActiveAdults","Baseline",0.461538461538462
"87467539","(3, 8)","FamilyWithKids","Baseline",0.31578947368421
"87471347","(3, 8)","FamilyWithKids","Baseline",0
"87471817","(1, 2)","FamilyWithKids","Baseline",0.7
"87479340","(1, 2)","ActiveAdults","Baseline",0.594594594594595
"87492114","(1, 2)","ActiveAdults","Baseline",0.25
"87494218","(3, 8)","FamilyWithKids","Baseline",0
"87494793","(1, 2)","ActiveAdults","Baseline",0.5
"87494794","(1, 2)","ActiveAdults","Baseline",0.5
"87495170","(1, 2)","ActiveAdults","Baseline",0.548387096774194
"87499587","(3, 8)","FamilyWithKids","Baseline",0.666666666666667
"87516024","(3, 8)","ActiveAdults","Baseline",0.384615384615385
"87531333","(3, 8)","FamilyWithKids","Baseline",0.333333333333333
"87555786","(1, 2)","ActiveAdults","Baseline",0.181818181818182
"87560910","(1, 2)","FamilyWithKids","Baseline",0.68421052631579
"87569905","(3, 8)","ActiveAdults","Baseline",0.25
"87589339","(3, 8)","ActiveAdults","Baseline",0
"87606784","(3, 8)","FamilyWithKids","Baseline",0
"87610270","(3, 8)","ActiveAdults","Baseline",0.266666666666667
"87611427","(1, 2)","ActiveAdults","Baseline",0.538461538461538
"87614604","(1, 2)","ActiveAdults","Baseline",0.384615384615385
"87614759","(1, 2)","ActiveAdults","Baseline",0
"87618018","(1, 2)","ActiveAdults","Baseline",0
"87629398","(3, 8)","ActiveAdults","Baseline",0.25
"87630657","(3, 8)","ActiveAdults","Baseline",0.5
"87643671","(3, 8)","FamilyWithKids","Baseline",0
"87647076","(1, 2)","FamilyWithKids","Baseline",0.2
"87649758","(3, 8)","ActiveAdults","Baseline",0.6
"87651017","(3, 8)","ActiveAdults","Baseline",0
"87677276","(1, 2)","ActiveAdults","Baseline",0.555555555555556
"87679585","(3, 8)","ActiveAdults","Baseline",0
"87715510","(1, 2)","FamilyWithKids","Baseline",0.633333333333333
"87715856","(3, 8)","ActiveAdults","Baseline",0.03125
"88093667","(3, 8)","ActiveAdults","Baseline",0.351351351351351
"89428149","(1, 2)","FamilyWithKids","Baseline",0.176470588235294
"89937892","(1, 2)","ActiveAdults","Baseline",0.6
"91325472","(3, 8)","ActiveAdults","Baseline",0.307692307692308
"91371247","(3, 8)","FamilyWithKids","Baseline",0.67741935483871
"92115857","(1, 2)","FamilyWithKids","Baseline",0.4
"92194517","(1, 2)","ActiveAdults","Baseline",0.428571428571429
"92226870","(1, 2)","FamilyWithKids","Baseline",0.2
"92286365","(3, 8)","FamilyWithKids","Baseline",0.527777777777778
"92297638","(3, 8)","FamilyWithKids","Baseline",0.58974358974359
"92959381","(3, 8)","ActiveAdults","Baseline",0
"93879272","(3, 8)","FamilyWithKids","Baseline",0.133333333333333
"94050482","(1, 2)","ActiveAdults","Baseline",0.225806451612903
"94173326","(3, 8)","ActiveAdults","Baseline",0.0909090909090909
"94197152","(1, 2)","FamilyWithKids","Baseline",0.411764705882353
"94365211","(3, 8)","FamilyWithKids","Baseline",0.423076923076923
"94452889","(3, 8)","ActiveAdults","Baseline",0.238095238095238
"99619210","(1, 2)","FamilyWithKids","Baseline",0.285714285714286
"99790629","(1, 2)","FamilyWithKids","Baseline",0.3
"99922113","(1, 2)","FamilyWithKids","Baseline",0.517241379310345
"100184276","(1, 2)","FamilyWithKids","Baseline",0.333333333333333
"100225690","(1, 2)","FamilyWithKids","Baseline",0.714285714285714
"100226549","(1, 2)","FamilyWithKids","Baseline",0.69811320754717
"100545759","(1, 2)","FamilyWithKids","Baseline",0.714285714285714
"102457504","(3, 8)","ActiveAdults","Baseline",0
"102693642","(1, 2)","ActiveAdults","Baseline",0
"102752599","(3, 8)","ActiveAdults","Baseline",0
"102809096","(3, 8)","ActiveAdults","Baseline",0.473684210526316
"102941524","(3, 8)","ActiveAdults","Baseline",0.444444444444444
"102967863","(3, 8)","ActiveAdults","Baseline",1
"103130132","(3, 8)","FamilyWithKids","Baseline",0.724137931034483
"103133585","(1, 2)","ActiveAdults","Baseline",0.615384615384615
"103134579","(1, 2)","FamilyWithKids","Baseline",0.485714285714286
"103454720","(3, 8)","ActiveAdults","Baseline",0.423076923076923
"103497762","(1, 2)","ActiveAdults","Baseline",0.541666666666667
"104564558","(1, 2)","FamilyWithKids","Baseline",0.4
"104665451","(3, 8)","FamilyWithKids","Baseline",0.428571428571429
"107680813","(3, 8)","ActiveAdults","Baseline",0.4
"108200318","(3, 8)","ActiveAdults","Baseline",0.628571428571429
"108243612","(3, 8)","ActiveAdults","Baseline",0
"110708204","(1, 2)","ActiveAdults","Baseline",0.214285714285714
"112467482","(1, 2)","FamilyWithKids","Baseline",0.4
"125228790","(3, 8)","ActiveAdults","Baseline",0.0714285714285714
"128398028","(1, 2)","FamilyWithKids","Baseline",0
"129693269","(3, 8)","ActiveAdults","Baseline",0.2
"130366108","(3, 8)","FamilyWithKids","Baseline",0.5
"37912","(3, 8)","FamilyWithKids","RandomForest",0.175
"179359","(3, 8)","FamilyWithKids","RandomForest",0.26
"295501","(3, 8)","FamilyWithKids","RandomForest",0.0434782608695652
"396634","(3, 8)","FamilyWithKids","RandomForest",0.25
"423754","(3, 8)","ActiveAdults","RandomForest",0.36231884057971
"457300","(3, 8)","FamilyWithKids","RandomForest",0.491803278688525
"681704","(3, 8)","FamilyWithKids","RandomForest",0.131578947368421
"682808","(3, 8)","FamilyWithKids","RandomForest",0.471428571428571
"731884","(1, 2)","FamilyWithKids","RandomForest",0
"1051535","(3, 8)","ActiveAdults","RandomForest",0.178571428571429
"1072151","(3, 8)","FamilyWithKids","RandomForest",0
"1119779","(3, 8)","ActiveAdults","RandomForest",0.4
"1133209","(1, 2)","FamilyWithKids","RandomForest",0.578947368421053
"1515228","(3, 8)","FamilyWithKids","RandomForest",0.339622641509434
"1593868","(3, 8)","ActiveAdults","RandomForest",0.0833333333333333
"1610551","(3, 8)","ActiveAdults","RandomForest",0.303030303030303
"1881021","(3, 8)","ActiveAdults","RandomForest",0.210526315789474
"1916490","(3, 8)","FamilyWithKids","RandomForest",0.432432432432432
"1965318","(3, 8)","ActiveAdults","RandomForest",0.5
"1981739","(3, 8)","FamilyWithKids","RandomForest",0.177777777777778
"2003984","(3, 8)","FamilyWithKids","RandomForest",0.369565217391304
"2010692","(3, 8)","ActiveAdults","RandomForest",0.612903225806452
"2021880","(1, 2)","FamilyWithKids","RandomForest",0.362068965517241
"2109697","(3, 8)","FamilyWithKids","RandomForest",0.294117647058824
"2129104","(3, 8)","FamilyWithKids","RandomForest",0.380952380952381
"2381096","(1, 2)","FamilyWithKids","RandomForest",0.457142857142857
"2455268","(3, 8)","FamilyWithKids","RandomForest",0.354166666666667
"2523041","(3, 8)","FamilyWithKids","RandomForest",0.239130434782609
"2659406","(1, 2)","ActiveAdults","RandomForest",0.294117647058824
"2789797","(3, 8)","ActiveAdults","RandomForest",0.568965517241379
"2849286","(1, 2)","ActiveAdults","RandomForest",0.472222222222222
"2887859","(1, 2)","FamilyWithKids","RandomForest",0.194444444444444
"2890028","(3, 8)","FamilyWithKids","RandomForest",0.148148148148148
"2903695","(3, 8)","ActiveAdults","RandomForest",0.342105263157895
"2945756","(3, 8)","FamilyWithKids","RandomForest",0.388888888888889
"3065245","(3, 8)","FamilyWithKids","RandomForest",0.576923076923077
"3083880","(1, 2)","FamilyWithKids","RandomForest",0.675
"3117308","(3, 8)","ActiveAdults","RandomForest",0
"3194088","(1, 2)","FamilyWithKids","RandomForest",0.344827586206897
"3418370","(3, 8)","ActiveAdults","RandomForest",0.203125
"3454725","(1, 2)","ActiveAdults","RandomForest",0.547619047619048
"3472112","(1, 2)","FamilyWithKids","RandomForest",0.258620689655172
"3475678","(3, 8)","ActiveAdults","RandomForest",0.413793103448276
"3590850","(1, 2)","FamilyWithKids","RandomForest",0.461538461538462
"3611317","(3, 8)","ActiveAdults","RandomForest",0.119047619047619
"3700492","(3, 8)","FamilyWithKids","RandomForest",0.227272727272727
"4081943","(3, 8)","ActiveAdults","RandomForest",0.173076923076923
"4092679","(3, 8)","FamilyWithKids","RandomForest",0.575757575757576
"4095466","(3, 8)","ActiveAdults","RandomForest",0.489795918367347
"4210887","(1, 2)","FamilyWithKids","RandomForest",0.32258064516129
"4252015","(1, 2)","ActiveAdults","RandomForest",0.363636363636364
"4360222","(3, 8)","FamilyWithKids","RandomForest",0.216216216216216
"4458410","(3, 8)","FamilyWithKids","RandomForest",0.25
"4502544","(3, 8)","FamilyWithKids","RandomForest",0.4375
"4688795","(3, 8)","ActiveAdults","RandomForest",0.431818181818182
"4820245","(3, 8)","FamilyWithKids","RandomForest",0.533333333333333
"5055905","(3, 8)","FamilyWithKids","RandomForest",0.317073170731707
"5070212","(1, 2)","FamilyWithKids","RandomForest",0.381818181818182
"5079193","(3, 8)","FamilyWithKids","RandomForest",0.158730158730159
"5090378","(3, 8)","ActiveAdults","RandomForest",0.37037037037037
"5230429","(3, 8)","FamilyWithKids","RandomForest",0.583333333333333
"5349257","(3, 8)","ActiveAdults","RandomForest",0.545454545454545
"5486230","(3, 8)","ActiveAdults","RandomForest",0.425531914893617
"5518229","(1, 2)","FamilyWithKids","RandomForest",0.159420289855072
"5828081","(3, 8)","FamilyWithKids","RandomForest",0.163934426229508
"5834654","(3, 8)","FamilyWithKids","RandomForest",0.423076923076923
"5837307","(3, 8)","ActiveAdults","RandomForest",0.37037037037037
"5900481","(1, 2)","FamilyWithKids","RandomForest",0.424242424242424
"5926514","(1, 2)","ActiveAdults","RandomForest",0.295454545454545
"5932760","(3, 8)","ActiveAdults","RandomForest",0.326530612244898
"5962226","(1, 2)","FamilyWithKids","RandomForest",0.196428571428571
"6164386","(1, 2)","FamilyWithKids","RandomForest",0.361111111111111
"6227527","(3, 8)","ActiveAdults","RandomForest",0.163265306122449
"6244357","(3, 8)","FamilyWithKids","RandomForest",0.214285714285714
"6347907","(3, 8)","FamilyWithKids","RandomForest",0.264705882352941
"6554495","(3, 8)","ActiveAdults","RandomForest",0.551724137931034
"6589303","(3, 8)","FamilyWithKids","RandomForest",0.285714285714286
"6625496","(3, 8)","FamilyWithKids","RandomForest",0.0769230769230769
"6645683","(1, 2)","ActiveAdults","RandomForest",0.32
"6867147","(3, 8)","FamilyWithKids","RandomForest",0.26
"6946384","(1, 2)","FamilyWithKids","RandomForest",0.513888888888889
"7117945","(3, 8)","ActiveAdults","RandomForest",0.0508474576271186
"7125823","(1, 2)","FamilyWithKids","RandomForest",0.297872340425532
"7152560","(1, 2)","FamilyWithKids","RandomForest",0.41304347826087
"7193509","(3, 8)","FamilyWithKids","RandomForest",0.382716049382716
"7248545","(3, 8)","ActiveAdults","RandomForest",0.111111111111111
"7395471","(3, 8)","FamilyWithKids","RandomForest",0.368421052631579
"7754367","(1, 2)","ActiveAdults","RandomForest",0.488888888888889
"7774258","(3, 8)","ActiveAdults","RandomForest",0.191489361702128
"7923839","(1, 2)","ActiveAdults","RandomForest",0.30952380952381
"7943400","(3, 8)","FamilyWithKids","RandomForest",0.371428571428571
"7954243","(3, 8)","ActiveAdults","RandomForest",0.450980392156863
"8063255","(1, 2)","ActiveAdults","RandomForest",0.181818181818182
"8128139","(1, 2)","FamilyWithKids","RandomForest",0.421875
"8233719","(3, 8)","FamilyWithKids","RandomForest",0.046875
"8406386","(1, 2)","FamilyWithKids","RandomForest",0.22
"8587555","(3, 8)","FamilyWithKids","RandomForest",0.153846153846154
"8607458","(3, 8)","FamilyWithKids","RandomForest",0.137931034482759
"8615531","(1, 2)","FamilyWithKids","RandomForest",0.15625
"8736972","(1, 2)","FamilyWithKids","RandomForest",0.3
"9007266","(3, 8)","FamilyWithKids","RandomForest",0.426470588235294
"9059566","(3, 8)","FamilyWithKids","RandomForest",0.297872340425532
"9139989","(3, 8)","FamilyWithKids","RandomForest",0.333333333333333
"9155436","(3, 8)","FamilyWithKids","RandomForest",0.148148148148148
"9274130","(3, 8)","FamilyWithKids","RandomForest",0.177777777777778
"9279821","(3, 8)","ActiveAdults","RandomForest",0.403846153846154
"9298060","(3, 8)","ActiveAdults","RandomForest",0.508474576271186
"9303140","(1, 2)","ActiveAdults","RandomForest",0.31578947368421
"9335132","(1, 2)","FamilyWithKids","RandomForest",0.338983050847458
"9354586","(3, 8)","FamilyWithKids","RandomForest",0.363636363636364
"9482519","(1, 2)","FamilyWithKids","RandomForest",0.303571428571429
"9493177","(3, 8)","FamilyWithKids","RandomForest",0.538461538461538
"9529316","(1, 2)","ActiveAdults","RandomForest",0.417721518987342
"9574087","(3, 8)","FamilyWithKids","RandomForest",0.482142857142857
"9749751","(1, 2)","FamilyWithKids","RandomForest",0.48
"9758155","(3, 8)","ActiveAdults","RandomForest",0.390625
"9805405","(1, 2)","ActiveAdults","RandomForest",0.37037037037037
"9832521","(1, 2)","ActiveAdults","RandomForest",0.447368421052632
"9842261","(3, 8)","FamilyWithKids","RandomForest",0.486486486486487
"10105631","(1, 2)","FamilyWithKids","RandomForest",0.173913043478261
"10139080","(3, 8)","FamilyWithKids","RandomForest",0.386363636363636
"10257405","(3, 8)","ActiveAdults","RandomForest",0.178571428571429
"10532324","(3, 8)","FamilyWithKids","RandomForest",0.15
"10640319","(1, 2)","ActiveAdults","RandomForest",0.681818181818182
"10801631","(3, 8)","ActiveAdults","RandomForest",0.224137931034483
"10894040","(1, 2)","ActiveAdults","RandomForest",0.212765957446809
"10894888","(3, 8)","ActiveAdults","RandomForest",0.517857142857143
"10900743","(1, 2)","ActiveAdults","RandomForest",0.0909090909090909
"10911303","(3, 8)","FamilyWithKids","RandomForest",0.633802816901408
"10925652","(3, 8)","ActiveAdults","RandomForest",0.258064516129032
"11172871","(3, 8)","FamilyWithKids","RandomForest",0.297872340425532
"11257237","(1, 2)","ActiveAdults","RandomForest",0.638888888888889
"11627871","(3, 8)","FamilyWithKids","RandomForest",0.270833333333333
"11729338","(3, 8)","FamilyWithKids","RandomForest",0.382978723404255
"11779601","(3, 8)","FamilyWithKids","RandomForest",0.421052631578947
"11852324","(3, 8)","ActiveAdults","RandomForest",0.454545454545454
"11912555","(1, 2)","FamilyWithKids","RandomForest",0.298507462686567
"12078622","(1, 2)","FamilyWithKids","RandomForest",0.26865671641791
"12120644","(1, 2)","FamilyWithKids","RandomForest",0.576923076923077
"12167956","(3, 8)","ActiveAdults","RandomForest",0.418181818181818
"12177802","(1, 2)","ActiveAdults","RandomForest",0.357142857142857
"12223508","(3, 8)","FamilyWithKids","RandomForest",0.571428571428571
"12237973","(3, 8)","ActiveAdults","RandomForest",0.333333333333333
"12257542","(3, 8)","FamilyWithKids","RandomForest",0.153846153846154
"12276650","(3, 8)","ActiveAdults","RandomForest",0.363636363636364
"12504304","(1, 2)","ActiveAdults","RandomForest",0.0714285714285714
"12515785","(3, 8)","FamilyWithKids","RandomForest",0.528301886792453
"12845306","(3, 8)","FamilyWithKids","RandomForest",0.333333333333333
"12871209","(3, 8)","FamilyWithKids","RandomForest",0.314814814814815
"12962537","(1, 2)","ActiveAdults","RandomForest",0.25
"12980036","(3, 8)","ActiveAdults","RandomForest",0.32
"12980061","(1, 2)","FamilyWithKids","RandomForest",0.385964912280702
"13025896","(3, 8)","ActiveAdults","RandomForest",0.354166666666667
"13031606","(1, 2)","FamilyWithKids","RandomForest",0.407407407407407
"13046181","(3, 8)","ActiveAdults","RandomForest",0.423076923076923
"13048293","(3, 8)","ActiveAdults","RandomForest",0.305084745762712
"13070182","(3, 8)","FamilyWithKids","RandomForest",0.346666666666667
"13248069","(3, 8)","ActiveAdults","RandomForest",0.111111111111111
"13283749","(3, 8)","ActiveAdults","RandomForest",0.293103448275862
"13337486","(3, 8)","FamilyWithKids","RandomForest",0
"13363691","(1, 2)","ActiveAdults","RandomForest",0.382352941176471
"13376772","(1, 2)","FamilyWithKids","RandomForest",0.722222222222222
"18885480","(1, 2)","FamilyWithKids","RandomForest",0.461538461538462
"18893240","(3, 8)","ActiveAdults","RandomForest",0.368421052631579
"18910735","(3, 8)","ActiveAdults","RandomForest",0.222222222222222
"18915996","(3, 8)","FamilyWithKids","RandomForest",0.276923076923077
"18917984","(1, 2)","FamilyWithKids","RandomForest",0.1875
"18926713","(3, 8)","FamilyWithKids","RandomForest",0.142857142857143
"18933798","(3, 8)","ActiveAdults","RandomForest",0.46551724137931
"18939620","(3, 8)","FamilyWithKids","RandomForest",0.46031746031746
"18949341","(3, 8)","ActiveAdults","RandomForest",0.222222222222222
"18970164","(3, 8)","FamilyWithKids","RandomForest",0.283582089552239
"18974058","(3, 8)","FamilyWithKids","RandomForest",0.31578947368421
"18979272","(3, 8)","ActiveAdults","RandomForest",0.370967741935484
"19000317","(3, 8)","FamilyWithKids","RandomForest",0.105263157894737
"19006325","(3, 8)","FamilyWithKids","RandomForest",0.372093023255814
"19031006","(1, 2)","ActiveAdults","RandomForest",0.348837209302326
"19063947","(3, 8)","ActiveAdults","RandomForest",0.257142857142857
"19065018","(1, 2)","ActiveAdults","RandomForest",0.246153846153846
"19081325","(3, 8)","FamilyWithKids","RandomForest",0.409090909090909
"19111769","(3, 8)","ActiveAdults","RandomForest",0.173913043478261
"19113568","(1, 2)","FamilyWithKids","RandomForest",0
"19143595","(1, 2)","FamilyWithKids","RandomForest",0.6
"19185625","(1, 2)","FamilyWithKids","RandomForest",0.5
"19190685","(1, 2)","FamilyWithKids","RandomForest",0
"19204079","(3, 8)","ActiveAdults","RandomForest",0
"19210009","(3, 8)","FamilyWithKids","RandomForest",0.147058823529412
"19211739","(3, 8)","ActiveAdults","RandomForest",0.591549295774648
"19228548","(3, 8)","FamilyWithKids","RandomForest",0.156862745098039
"19230069","(1, 2)","ActiveAdults","RandomForest",0.135593220338983
"19243178","(3, 8)","FamilyWithKids","RandomForest",0
"19262813","(1, 2)","ActiveAdults","RandomForest",0.2
"19274514","(3, 8)","FamilyWithKids","RandomForest",0.25
"19286793","(3, 8)","FamilyWithKids","RandomForest",0.259259259259259
"19317441","(3, 8)","FamilyWithKids","RandomForest",0.486111111111111
"19337241","(3, 8)","FamilyWithKids","RandomForest",0.461538461538462
"19341334","(1, 2)","ActiveAdults","RandomForest",0
"19342043","(3, 8)","FamilyWithKids","RandomForest",0.194029850746269
"19342312","(1, 2)","FamilyWithKids","RandomForest",0.530120481927711
"19361406","(3, 8)","FamilyWithKids","RandomForest",0.225806451612903
"19383196","(1, 2)","ActiveAdults","RandomForest",0.205882352941176
"19394771","(1, 2)","FamilyWithKids","RandomForest",0.40625
"19398541","(1, 2)","ActiveAdults","RandomForest",0
"19437256","(3, 8)","ActiveAdults","RandomForest",0.157894736842105
"19441686","(3, 8)","FamilyWithKids","RandomForest",0.0333333333333333
"19454531","(3, 8)","ActiveAdults","RandomForest",0
"19480086","(3, 8)","FamilyWithKids","RandomForest",0.470588235294118
"19489701","(3, 8)","ActiveAdults","RandomForest",0.473684210526316
"19514535","(1, 2)","FamilyWithKids","RandomForest",0.568965517241379
"19523710","(3, 8)","FamilyWithKids","RandomForest",0.428571428571429
"19529623","(3, 8)","FamilyWithKids","RandomForest",0.477272727272727
"19546916","(3, 8)","FamilyWithKids","RandomForest",0.517857142857143
"19572027","(3, 8)","FamilyWithKids","RandomForest",0.241935483870968
"19575323","(1, 2)","ActiveAdults","RandomForest",0.581081081081081
"19575511","(1, 2)","FamilyWithKids","RandomForest",0.189189189189189
"19582754","(3, 8)","ActiveAdults","RandomForest",0.25
"19586197","(3, 8)","ActiveAdults","RandomForest",0.360655737704918
"19589390","(3, 8)","FamilyWithKids","RandomForest",0.269230769230769
"19593919","(3, 8)","ActiveAdults","RandomForest",0.298245614035088
"19595267","(3, 8)","ActiveAdults","RandomForest",0.407407407407407
"19620636","(3, 8)","ActiveAdults","RandomForest",0.5
"19633437","(3, 8)","FamilyWithKids","RandomForest",0.53448275862069
"19635030","(3, 8)","ActiveAdults","RandomForest",0.307692307692308
"25527026","(3, 8)","FamilyWithKids","RandomForest",0.545454545454545
"25616425","(1, 2)","FamilyWithKids","RandomForest",0.441176470588235
"25624350","(3, 8)","FamilyWithKids","RandomForest",0.385964912280702
"25797019","(3, 8)","ActiveAdults","RandomForest",0.538461538461538
"25819293","(1, 2)","FamilyWithKids","RandomForest",0.205882352941176
"25879492","(1, 2)","FamilyWithKids","RandomForest",0.302631578947368
"25900167","(1, 2)","FamilyWithKids","RandomForest",0.0166666666666667
"26252886","(1, 2)","ActiveAdults","RandomForest",0.21875
"26253630","(3, 8)","ActiveAdults","RandomForest",0.333333333333333
"26258025","(3, 8)","ActiveAdults","RandomForest",0.117647058823529
"26269376","(3, 8)","ActiveAdults","RandomForest",0.571428571428571
"26269953","(1, 2)","FamilyWithKids","RandomForest",0.326530612244898
"26296755","(1, 2)","ActiveAdults","RandomForest",0.130434782608696
"26305411","(1, 2)","FamilyWithKids","RandomForest",0.153846153846154
"26306475","(3, 8)","ActiveAdults","RandomForest",0.266666666666667
"26322109","(3, 8)","FamilyWithKids","RandomForest",0.333333333333333
"26344568","(3, 8)","ActiveAdults","RandomForest",0.21875
"26346002","(3, 8)","FamilyWithKids","RandomForest",0.294117647058824
"26364901","(1, 2)","ActiveAdults","RandomForest",0.227272727272727
"26378476","(1, 2)","FamilyWithKids","RandomForest",0.390625
"26387868","(1, 2)","FamilyWithKids","RandomForest",0.490566037735849
"26390959","(1, 2)","FamilyWithKids","RandomForest",0.565217391304348
"26400080","(1, 2)","FamilyWithKids","RandomForest",0.277777777777778
"26400246","(1, 2)","FamilyWithKids","RandomForest",0.333333333333333
"26402016","(1, 2)","FamilyWithKids","RandomForest",0.523076923076923
"26460149","(1, 2)","ActiveAdults","RandomForest",0.227272727272727
"26475795","(3, 8)","ActiveAdults","RandomForest",0.259259259259259
"26489265","(3, 8)","FamilyWithKids","RandomForest",0.183333333333333
"26491740","(3, 8)","FamilyWithKids","RandomForest",0.416666666666667
"26495222","(3, 8)","FamilyWithKids","RandomForest",0.318840579710145
"26502467","(3, 8)","FamilyWithKids","RandomForest",0.660714285714286
"26502565","(3, 8)","ActiveAdults","RandomForest",0.471698113207547
"26513012","(1, 2)","ActiveAdults","RandomForest",0.130434782608696
"26513514","(1, 2)","FamilyWithKids","RandomForest",0.448979591836735
"26513722","(3, 8)","FamilyWithKids","RandomForest",0.529411764705882
"26518495","(3, 8)","FamilyWithKids","RandomForest",0.321428571428571
"26518659","(3, 8)","FamilyWithKids","RandomForest",0.567567567567568
"26521517","(3, 8)","ActiveAdults","RandomForest",0.2
"26522464","(1, 2)","FamilyWithKids","RandomForest",0.338983050847458
"26535189","(3, 8)","FamilyWithKids","RandomForest",0.547945205479452
"26544416","(3, 8)","ActiveAdults","RandomForest",0
"26569507","(1, 2)","ActiveAdults","RandomForest",0.259259259259259
"26578057","(1, 2)","FamilyWithKids","RandomForest",0.156862745098039
"26585161","(1, 2)","FamilyWithKids","RandomForest",0.125
"26589462","(1, 2)","ActiveAdults","RandomForest",0.638888888888889
"26589534","(1, 2)","ActiveAdults","RandomForest",0.345454545454545
"26600478","(1, 2)","ActiveAdults","RandomForest",0.36734693877551
"26601946","(3, 8)","ActiveAdults","RandomForest",0.514285714285714
"26618701","(3, 8)","ActiveAdults","RandomForest",0.28
"29276526","(3, 8)","FamilyWithKids","RandomForest",0.507042253521127
"29284158","(3, 8)","ActiveAdults","RandomForest",0.529411764705882
"29304039","(3, 8)","ActiveAdults","RandomForest",0.327272727272727
"29313565","(1, 2)","FamilyWithKids","RandomForest",0.348484848484849
"29321769","(1, 2)","FamilyWithKids","RandomForest",0.5
"29337923","(3, 8)","ActiveAdults","RandomForest",0.0454545454545455
"29347236","(3, 8)","FamilyWithKids","RandomForest",0.416666666666667
"29365545","(1, 2)","FamilyWithKids","RandomForest",0.227272727272727
"29380088","(3, 8)","FamilyWithKids","RandomForest",0.360655737704918
"29406267","(3, 8)","ActiveAdults","RandomForest",0.19047619047619
"29416697","(3, 8)","FamilyWithKids","RandomForest",0.357142857142857
"29430523","(1, 2)","FamilyWithKids","RandomForest",0
"29453248","(3, 8)","FamilyWithKids","RandomForest",0.2
"29468396","(1, 2)","ActiveAdults","RandomForest",0.224489795918367
"29468484","(3, 8)","ActiveAdults","RandomForest",0.0697674418604651
"29480655","(1, 2)","FamilyWithKids","RandomForest",0.349206349206349
"34567526","(1, 2)","ActiveAdults","RandomForest",0.326530612244898
"34571275","(3, 8)","ActiveAdults","RandomForest",0.285714285714286
"34586076","(1, 2)","ActiveAdults","RandomForest",0.416666666666667
"34586106","(1, 2)","FamilyWithKids","RandomForest",0.0606060606060606
"34610793","(1, 2)","ActiveAdults","RandomForest",0.40625
"34614938","(1, 2)","ActiveAdults","RandomForest",0.136363636363636
"34640970","(1, 2)","ActiveAdults","RandomForest",0.333333333333333
"34641300","(1, 2)","FamilyWithKids","RandomForest",0.395833333333333
"34725020","(3, 8)","FamilyWithKids","RandomForest",0.075
"34732848","(3, 8)","ActiveAdults","RandomForest",0.105263157894737
"34761632","(1, 2)","FamilyWithKids","RandomForest",0.468085106382979
"34764938","(3, 8)","FamilyWithKids","RandomForest",0.450980392156863
"34765018","(3, 8)","FamilyWithKids","RandomForest",0.506666666666667
"34775748","(1, 2)","ActiveAdults","RandomForest",0.1875
"34800212","(3, 8)","FamilyWithKids","RandomForest",0.388888888888889
"34811172","(1, 2)","FamilyWithKids","RandomForest",0.0555555555555556
"34813125","(1, 2)","FamilyWithKids","RandomForest",0.696969696969697
"34829163","(1, 2)","FamilyWithKids","RandomForest",0.666666666666667
"34849271","(3, 8)","ActiveAdults","RandomForest",0
"34869011","(3, 8)","FamilyWithKids","RandomForest",0.192307692307692
"34880990","(1, 2)","ActiveAdults","RandomForest",0.432432432432432
"34900016","(3, 8)","FamilyWithKids","RandomForest",0.328571428571429
"34921742","(3, 8)","ActiveAdults","RandomForest",0.172413793103448
"34925450","(1, 2)","ActiveAdults","RandomForest",0.357142857142857
"34939564","(3, 8)","FamilyWithKids","RandomForest",0.421875
"34946074","(1, 2)","FamilyWithKids","RandomForest",0.214285714285714
"34950147","(3, 8)","ActiveAdults","RandomForest",0.583333333333333
"34959503","(1, 2)","ActiveAdults","RandomForest",0.389830508474576
"34983607","(3, 8)","ActiveAdults","RandomForest",0.345454545454545
"34992565","(3, 8)","ActiveAdults","RandomForest",0.339622641509434
"35005435","(1, 2)","ActiveAdults","RandomForest",0.409090909090909
"35006354","(1, 2)","FamilyWithKids","RandomForest",0.470588235294118
"35019444","(1, 2)","FamilyWithKids","RandomForest",0
"35027402","(1, 2)","ActiveAdults","RandomForest",0.365853658536585
"35032328","(3, 8)","ActiveAdults","RandomForest",0.326923076923077
"35094713","(3, 8)","ActiveAdults","RandomForest",0.439024390243902
"35101316","(3, 8)","ActiveAdults","RandomForest",0.125
"35103099","(1, 2)","ActiveAdults","RandomForest",0.0384615384615385
"35122644","(3, 8)","ActiveAdults","RandomForest",0.584905660377358
"35132468","(1, 2)","ActiveAdults","RandomForest",0.435897435897436
"35136756","(1, 2)","FamilyWithKids","RandomForest",0.528301886792453
"35140443","(3, 8)","ActiveAdults","RandomForest",0.346938775510204
"35142649","(3, 8)","FamilyWithKids","RandomForest",0.82258064516129
"35185758","(3, 8)","ActiveAdults","RandomForest",0.294117647058824
"35203400","(1, 2)","FamilyWithKids","RandomForest",0.553191489361702
"35231900","(1, 2)","ActiveAdults","RandomForest",0.161290322580645
"35232883","(3, 8)","ActiveAdults","RandomForest",0
"35238063","(1, 2)","FamilyWithKids","RandomForest",0.22
"35255400","(1, 2)","FamilyWithKids","RandomForest",0.193548387096774
"35268006","(1, 2)","FamilyWithKids","RandomForest",0.485294117647059
"35300245","(1, 2)","FamilyWithKids","RandomForest",0.432835820895522
"35300600","(1, 2)","FamilyWithKids","RandomForest",0
"35302000","(1, 2)","FamilyWithKids","RandomForest",0.383333333333333
"35329337","(3, 8)","FamilyWithKids","RandomForest",0.0769230769230769
"39589733","(1, 2)","ActiveAdults","RandomForest",0.551020408163265
"39592340","(3, 8)","ActiveAdults","RandomForest",0.311111111111111
"39630514","(1, 2)","ActiveAdults","RandomForest",0.189189189189189
"39633120","(1, 2)","FamilyWithKids","RandomForest",0.39622641509434
"39661494","(3, 8)","FamilyWithKids","RandomForest",0.458333333333333
"39674683","(3, 8)","ActiveAdults","RandomForest",0.364864864864865
"39680217","(1, 2)","ActiveAdults","RandomForest",0.376811594202899
"39733671","(3, 8)","ActiveAdults","RandomForest",0.413793103448276
"39736627","(3, 8)","FamilyWithKids","RandomForest",0.296296296296296
"39741603","(3, 8)","FamilyWithKids","RandomForest",0.522727272727273
"39748303","(1, 2)","FamilyWithKids","RandomForest",0.272727272727273
"39756194","(3, 8)","FamilyWithKids","RandomForest",0.433333333333333
"39776678","(1, 2)","FamilyWithKids","RandomForest",0.394736842105263
"39808384","(3, 8)","ActiveAdults","RandomForest",0.0408163265306122
"39820803","(3, 8)","ActiveAdults","RandomForest",0
"39823522","(1, 2)","ActiveAdults","RandomForest",0.1875
"39824254","(1, 2)","ActiveAdults","RandomForest",0.352941176470588
"39847892","(3, 8)","FamilyWithKids","RandomForest",0.233333333333333
"39848592","(3, 8)","ActiveAdults","RandomForest",0.264705882352941
"39850588","(3, 8)","FamilyWithKids","RandomForest",0.291666666666667
"39854202","(3, 8)","ActiveAdults","RandomForest",0
"39858422","(1, 2)","ActiveAdults","RandomForest",0.510204081632653
"39860814","(3, 8)","FamilyWithKids","RandomForest",0.6
"39936339","(1, 2)","FamilyWithKids","RandomForest",0.310344827586207
"39973308","(1, 2)","ActiveAdults","RandomForest",0.163265306122449
"39977619","(3, 8)","FamilyWithKids","RandomForest",0.2
"39981995","(3, 8)","FamilyWithKids","RandomForest",0.114285714285714
"39994483","(3, 8)","FamilyWithKids","RandomForest",0.492753623188406
"39999611","(3, 8)","ActiveAdults","RandomForest",0.0857142857142857
"40022328","(3, 8)","ActiveAdults","RandomForest",0.307692307692308
"40023054","(3, 8)","FamilyWithKids","RandomForest",0.382352941176471
"40053636","(1, 2)","ActiveAdults","RandomForest",0.255813953488372
"40070326","(1, 2)","FamilyWithKids","RandomForest",0.424657534246575
"40084053","(1, 2)","FamilyWithKids","RandomForest",0.5
"40097852","(3, 8)","ActiveAdults","RandomForest",0.295774647887324
"40108582","(3, 8)","ActiveAdults","RandomForest",0
"40169462","(3, 8)","ActiveAdults","RandomForest",0.1
"40182046","(3, 8)","FamilyWithKids","RandomForest",0.352112676056338
"40196046","(3, 8)","ActiveAdults","RandomForest",0
"40215452","(1, 2)","FamilyWithKids","RandomForest",0.555555555555556
"40223973","(3, 8)","FamilyWithKids","RandomForest",0.560606060606061
"40226426","(1, 2)","ActiveAdults","RandomForest",0.365384615384615
"40232464","(1, 2)","ActiveAdults","RandomForest",0.210526315789474
"40232955","(1, 2)","ActiveAdults","RandomForest",0.517857142857143
"40248047","(1, 2)","FamilyWithKids","RandomForest",0.48
"40254248","(1, 2)","ActiveAdults","RandomForest",0.236363636363636
"40270915","(3, 8)","FamilyWithKids","RandomForest",0.419354838709677
"40288817","(3, 8)","ActiveAdults","RandomForest",0.461538461538462
"40292044","(1, 2)","ActiveAdults","RandomForest",0.344262295081967
"40304196","(1, 2)","FamilyWithKids","RandomForest",0.338461538461538
"40308501","(3, 8)","FamilyWithKids","RandomForest",0.278481012658228
"40326822","(3, 8)","ActiveAdults","RandomForest",0.375
"40347802","(3, 8)","FamilyWithKids","RandomForest",0.128205128205128
"40348254","(1, 2)","FamilyWithKids","RandomForest",0.428571428571429
"40350785","(1, 2)","FamilyWithKids","RandomForest",0.326086956521739
"50282366","(3, 8)","ActiveAdults","RandomForest",0.333333333333333
"50514112","(3, 8)","FamilyWithKids","RandomForest",0
"50728612","(3, 8)","ActiveAdults","RandomForest",0.483870967741935
"50745069","(3, 8)","FamilyWithKids","RandomForest",0
"50800943","(1, 2)","FamilyWithKids","RandomForest",0.225806451612903
"50836946","(3, 8)","ActiveAdults","RandomForest",0.377777777777778
"50849946","(1, 2)","ActiveAdults","RandomForest",0
"50967359","(3, 8)","FamilyWithKids","RandomForest",0.136363636363636
"51078948","(3, 8)","ActiveAdults","RandomForest",0.325581395348837
"51101589","(1, 2)","FamilyWithKids","RandomForest",0.535714285714286
"51136114","(3, 8)","ActiveAdults","RandomForest",0.376811594202899
"51136225","(1, 2)","FamilyWithKids","RandomForest",0
"51274788","(3, 8)","ActiveAdults","RandomForest",0.163265306122449
"51327660","(3, 8)","FamilyWithKids","RandomForest",0.0512820512820513
"51349560","(1, 2)","ActiveAdults","RandomForest",0.448275862068966
"51376374","(1, 2)","FamilyWithKids","RandomForest",0.652173913043478
"51480876","(3, 8)","ActiveAdults","RandomForest",0.4375
"53499938","(3, 8)","ActiveAdults","RandomForest",0.380952380952381
"53814005","(1, 2)","FamilyWithKids","RandomForest",0.373134328358209
"54246765","(3, 8)","ActiveAdults","RandomForest",0.307692307692308
"54706275","(3, 8)","FamilyWithKids","RandomForest",0.478260869565217
"55031571","(3, 8)","FamilyWithKids","RandomForest",0.381818181818182
"58104487","(1, 2)","ActiveAdults","RandomForest",0.745762711864407
"58112970","(1, 2)","ActiveAdults","RandomForest",0.387096774193548
"58113416","(3, 8)","FamilyWithKids","RandomForest",0.428571428571429
"58139794","(3, 8)","FamilyWithKids","RandomForest",0.0681818181818182
"58149188","(1, 2)","FamilyWithKids","RandomForest",0.267605633802817
"58156906","(3, 8)","ActiveAdults","RandomForest",0.306451612903226
"58156989","(1, 2)","ActiveAdults","RandomForest",0.186440677966102
"58157344","(3, 8)","ActiveAdults","RandomForest",0.388888888888889
"58158708","(3, 8)","FamilyWithKids","RandomForest",0.24390243902439
"58160608","(3, 8)","ActiveAdults","RandomForest",0.375
"58180839","(3, 8)","ActiveAdults","RandomForest",0.424242424242424
"58186213","(1, 2)","ActiveAdults","RandomForest",0.357142857142857
"58192769","(3, 8)","FamilyWithKids","RandomForest",0
"58196114","(1, 2)","ActiveAdults","RandomForest",0.296296296296296
"58196507","(3, 8)","FamilyWithKids","RandomForest",0.274193548387097
"58208210","(1, 2)","ActiveAdults","RandomForest",0.419354838709677
"58226070","(1, 2)","FamilyWithKids","RandomForest",0.297872340425532
"58226234","(3, 8)","ActiveAdults","RandomForest",0.137931034482759
"58228524","(3, 8)","FamilyWithKids","RandomForest",0.642857142857143
"58270167","(3, 8)","FamilyWithKids","RandomForest",0
"58277118","(3, 8)","ActiveAdults","RandomForest",0.333333333333333
"58277624","(1, 2)","FamilyWithKids","RandomForest",0.366666666666667
"58283898","(1, 2)","FamilyWithKids","RandomForest",0.314285714285714
"58284638","(3, 8)","FamilyWithKids","RandomForest",0.115384615384615
"58302844","(3, 8)","ActiveAdults","RandomForest",0.365079365079365
"58316009","(1, 2)","ActiveAdults","RandomForest",0.263157894736842
"58316652","(3, 8)","ActiveAdults","RandomForest",0.4375
"58329048","(3, 8)","FamilyWithKids","RandomForest",0.432835820895522
"58332519","(1, 2)","FamilyWithKids","RandomForest",0.333333333333333
"58344588","(1, 2)","FamilyWithKids","RandomForest",0.549295774647887
"58356243","(3, 8)","FamilyWithKids","RandomForest",0.573770491803279
"58360541","(3, 8)","FamilyWithKids","RandomForest",0.5
"58367546","(1, 2)","FamilyWithKids","RandomForest",0.371428571428571
"58367725","(3, 8)","FamilyWithKids","RandomForest",0.259259259259259
"58375677","(3, 8)","ActiveAdults","RandomForest",0
"58383372","(1, 2)","ActiveAdults","RandomForest",0.357142857142857
"58385128","(1, 2)","FamilyWithKids","RandomForest",0.649122807017544
"58388130","(1, 2)","ActiveAdults","RandomForest",0.314814814814815
"58388694","(1, 2)","ActiveAdults","RandomForest",0.125
"58392459","(1, 2)","ActiveAdults","RandomForest",0
"58407838","(1, 2)","FamilyWithKids","RandomForest",0.353846153846154
"58416269","(3, 8)","ActiveAdults","RandomForest",0
"58441256","(1, 2)","FamilyWithKids","RandomForest",0.22972972972973
"58447894","(1, 2)","ActiveAdults","RandomForest",0.324324324324324
"58455302","(1, 2)","FamilyWithKids","RandomForest",0.491803278688525
"58459782","(1, 2)","ActiveAdults","RandomForest",0.366666666666667
"58475510","(3, 8)","ActiveAdults","RandomForest",0.439393939393939
"58480922","(1, 2)","ActiveAdults","RandomForest",0.241379310344828
"58495505","(1, 2)","FamilyWithKids","RandomForest",0.305084745762712
"58496620","(1, 2)","ActiveAdults","RandomForest",0
"58508502","(3, 8)","FamilyWithKids","RandomForest",0.274193548387097
"58513193","(1, 2)","ActiveAdults","RandomForest",0.210526315789474
"58516324","(1, 2)","FamilyWithKids","RandomForest",0.5
"58523802","(1, 2)","ActiveAdults","RandomForest",0.382978723404255
"58524204","(1, 2)","FamilyWithKids","RandomForest",0.244897959183673
"59670237","(1, 2)","FamilyWithKids","RandomForest",0.638888888888889
"59682382","(3, 8)","FamilyWithKids","RandomForest",0.64406779661017
"59687794","(1, 2)","FamilyWithKids","RandomForest",0.457142857142857
"59699781","(3, 8)","ActiveAdults","RandomForest",0.392857142857143
"59702734","(1, 2)","ActiveAdults","RandomForest",0.235294117647059
"59712747","(3, 8)","FamilyWithKids","RandomForest",0.317460317460317
"59728494","(3, 8)","FamilyWithKids","RandomForest",0.420289855072464
"59729184","(1, 2)","FamilyWithKids","RandomForest",0.333333333333333
"59739148","(3, 8)","FamilyWithKids","RandomForest",0.574074074074074
"59760632","(3, 8)","FamilyWithKids","RandomForest",0.25
"59768083","(3, 8)","FamilyWithKids","RandomForest",0.792452830188679
"59778528","(1, 2)","FamilyWithKids","RandomForest",0.359375
"59779125","(1, 2)","FamilyWithKids","RandomForest",0.327868852459016
"59779535","(3, 8)","ActiveAdults","RandomForest",0
"59782362","(3, 8)","FamilyWithKids","RandomForest",0.671641791044776
"59806333","(1, 2)","FamilyWithKids","RandomForest",0.604651162790698
"59817860","(1, 2)","ActiveAdults","RandomForest",0.386363636363636
"59839642","(1, 2)","ActiveAdults","RandomForest",0.3125
"59844166","(3, 8)","ActiveAdults","RandomForest",0.454545454545454
"59847659","(3, 8)","FamilyWithKids","RandomForest",0.119402985074627
"59852517","(3, 8)","FamilyWithKids","RandomForest",0.573770491803279
"59884707","(1, 2)","FamilyWithKids","RandomForest",0.102564102564103
"59891701","(1, 2)","ActiveAdults","RandomForest",0.611940298507463
"59897913","(3, 8)","FamilyWithKids","RandomForest",0
"59920428","(3, 8)","ActiveAdults","RandomForest",0.351351351351351
"59924568","(3, 8)","FamilyWithKids","RandomForest",0.368421052631579
"59925221","(1, 2)","ActiveAdults","RandomForest",0.603448275862069
"59955036","(1, 2)","ActiveAdults","RandomForest",0.606060606060606
"59956735","(1, 2)","ActiveAdults","RandomForest",0.25
"59965372","(1, 2)","FamilyWithKids","RandomForest",0.345454545454545
"59965529","(1, 2)","ActiveAdults","RandomForest",0.25531914893617
"59967820","(3, 8)","ActiveAdults","RandomForest",0.507246376811594
"59976140","(3, 8)","ActiveAdults","RandomForest",0.583333333333333
"59981970","(1, 2)","FamilyWithKids","RandomForest",0.224489795918367
"59986777","(3, 8)","FamilyWithKids","RandomForest",0.0806451612903226
"59989188","(1, 2)","ActiveAdults","RandomForest",0.595238095238095
"59998127","(3, 8)","ActiveAdults","RandomForest",0.5
"60007334","(1, 2)","FamilyWithKids","RandomForest",0
"60012661","(3, 8)","ActiveAdults","RandomForest",0.58
"60017117","(1, 2)","FamilyWithKids","RandomForest",0.328125
"60573496","(1, 2)","FamilyWithKids","RandomForest",0.328358208955224
"60922670","(1, 2)","ActiveAdults","RandomForest",0.152173913043478
"61416621","(1, 2)","FamilyWithKids","RandomForest",0.210526315789474
"62735475","(1, 2)","ActiveAdults","RandomForest",0.238095238095238
"62768564","(3, 8)","FamilyWithKids","RandomForest",0.388888888888889
"62813306","(3, 8)","FamilyWithKids","RandomForest",0.567567567567568
"62874679","(3, 8)","ActiveAdults","RandomForest",0.262295081967213
"63151674","(1, 2)","ActiveAdults","RandomForest",0.32
"63397481","(3, 8)","FamilyWithKids","RandomForest",0.313432835820896
"65720584","(1, 2)","ActiveAdults","RandomForest",0.450980392156863
"66104531","(3, 8)","FamilyWithKids","RandomForest",0.30952380952381
"66630660","(3, 8)","FamilyWithKids","RandomForest",0.238095238095238
"66695274","(3, 8)","FamilyWithKids","RandomForest",0.285714285714286
"66761145","(3, 8)","ActiveAdults","RandomForest",0
"66775915","(3, 8)","ActiveAdults","RandomForest",0.303030303030303
"66871006","(3, 8)","FamilyWithKids","RandomForest",0.220588235294118
"66881061","(1, 2)","FamilyWithKids","RandomForest",0.571428571428571
"66889077","(1, 2)","FamilyWithKids","RandomForest",0
"66898004","(3, 8)","FamilyWithKids","RandomForest",0.348837209302326
"66964628","(3, 8)","ActiveAdults","RandomForest",0.175438596491228
"66979231","(1, 2)","FamilyWithKids","RandomForest",0.483870967741935
"67059108","(3, 8)","ActiveAdults","RandomForest",0.424242424242424
"67108875","(3, 8)","ActiveAdults","RandomForest",0.19047619047619
"67146581","(1, 2)","ActiveAdults","RandomForest",0.0303030303030303
"67321986","(1, 2)","FamilyWithKids","RandomForest",0.235294117647059
"69159403","(3, 8)","ActiveAdults","RandomForest",0.298507462686567
"69219956","(3, 8)","ActiveAdults","RandomForest",0.104166666666667
"69474696","(1, 2)","FamilyWithKids","RandomForest",0.660377358490566
"69726411","(1, 2)","ActiveAdults","RandomForest",0
"70799511","(1, 2)","ActiveAdults","RandomForest",0.354838709677419
"71229353","(1, 2)","ActiveAdults","RandomForest",0.294117647058824
"71475037","(3, 8)","FamilyWithKids","RandomForest",0.236363636363636
"71493852","(1, 2)","FamilyWithKids","RandomForest",0
"71501592","(1, 2)","ActiveAdults","RandomForest",0
"71506017","(1, 2)","ActiveAdults","RandomForest",0
"71524187","(3, 8)","FamilyWithKids","RandomForest",0.125
"71543400","(3, 8)","FamilyWithKids","RandomForest",0.230769230769231
"71561002","(3, 8)","ActiveAdults","RandomForest",0
"72941082","(3, 8)","FamilyWithKids","RandomForest",0.431818181818182
"72974206","(3, 8)","FamilyWithKids","RandomForest",0.111111111111111
"75691228","(3, 8)","FamilyWithKids","RandomForest",0.542857142857143
"75936022","(1, 2)","ActiveAdults","RandomForest",0.526315789473684
"75985833","(3, 8)","ActiveAdults","RandomForest",0.5
"76016359","(3, 8)","FamilyWithKids","RandomForest",0.226415094339623
"76415707","(1, 2)","ActiveAdults","RandomForest",0.4
"77579570","(3, 8)","FamilyWithKids","RandomForest",0.214285714285714
"77675855","(3, 8)","FamilyWithKids","RandomForest",0.241935483870968
"77826003","(1, 2)","ActiveAdults","RandomForest",0.333333333333333
"77836267","(3, 8)","ActiveAdults","RandomForest",0.0344827586206897
"78120804","(3, 8)","ActiveAdults","RandomForest",0.483333333333333
"78142110","(3, 8)","FamilyWithKids","RandomForest",0.163265306122449
"78590280","(3, 8)","FamilyWithKids","RandomForest",0.372881355932203
"79540099","(1, 2)","ActiveAdults","RandomForest",0.105263157894737
"79547988","(3, 8)","ActiveAdults","RandomForest",0.352112676056338
"79553779","(1, 2)","FamilyWithKids","RandomForest",0.261904761904762
"79565264","(1, 2)","FamilyWithKids","RandomForest",0.555555555555556
"79579977","(1, 2)","FamilyWithKids","RandomForest",0.339285714285714
"79600241","(1, 2)","FamilyWithKids","RandomForest",0.35
"79616479","(1, 2)","FamilyWithKids","RandomForest",0.267857142857143
"79624842","(3, 8)","FamilyWithKids","RandomForest",0.181818181818182
"79628652","(1, 2)","FamilyWithKids","RandomForest",0.305555555555556
"79638979","(3, 8)","ActiveAdults","RandomForest",0.36
"79640490","(1, 2)","ActiveAdults","RandomForest",0.383561643835616
"79644159","(3, 8)","FamilyWithKids","RandomForest",0.1
"79644549","(1, 2)","ActiveAdults","RandomForest",0.0731707317073171
"79645625","(1, 2)","FamilyWithKids","RandomForest",0
"79651680","(3, 8)","ActiveAdults","RandomForest",0.347826086956522
"80165689","(1, 2)","ActiveAdults","RandomForest",0.0652173913043478
"80171891","(3, 8)","FamilyWithKids","RandomForest",0.506849315068493
"80175572","(1, 2)","ActiveAdults","RandomForest",0.326086956521739
"80186376","(1, 2)","FamilyWithKids","RandomForest",0.351351351351351
"80194920","(3, 8)","ActiveAdults","RandomForest",0.0588235294117647
"80202170","(1, 2)","ActiveAdults","RandomForest",0.25
"80202552","(3, 8)","FamilyWithKids","RandomForest",0.559322033898305
"80220912","(3, 8)","ActiveAdults","RandomForest",0
"80232412","(1, 2)","ActiveAdults","RandomForest",0.153846153846154
"80239063","(1, 2)","ActiveAdults","RandomForest",0.415384615384615
"80239180","(1, 2)","FamilyWithKids","RandomForest",0.383333333333333
"80249066","(1, 2)","ActiveAdults","RandomForest",0.193548387096774
"80323953","(3, 8)","FamilyWithKids","RandomForest",0.2
"80328203","(3, 8)","ActiveAdults","RandomForest",0.454545454545454
"80328404","(1, 2)","ActiveAdults","RandomForest",0.048780487804878
"80339337","(1, 2)","ActiveAdults","RandomForest",0.166666666666667
"80354647","(3, 8)","FamilyWithKids","RandomForest",0.442857142857143
"80356295","(1, 2)","FamilyWithKids","RandomForest",0.27906976744186
"80357713","(1, 2)","ActiveAdults","RandomForest",0.294117647058824
"80360482","(3, 8)","FamilyWithKids","RandomForest",0.434782608695652
"80362603","(3, 8)","FamilyWithKids","RandomForest",0.522727272727273
"80378375","(3, 8)","ActiveAdults","RandomForest",0.454545454545454
"80387642","(1, 2)","ActiveAdults","RandomForest",0.186046511627907
"80463017","(1, 2)","ActiveAdults","RandomForest",0.206896551724138
"80704590","(1, 2)","ActiveAdults","RandomForest",0.361702127659574
"81548965","(1, 2)","FamilyWithKids","RandomForest",0.386363636363636
"81590621","(1, 2)","ActiveAdults","RandomForest",0.266666666666667
"81622416","(3, 8)","FamilyWithKids","RandomForest",0.203125
"81656321","(3, 8)","ActiveAdults","RandomForest",0.2
"81667387","(1, 2)","FamilyWithKids","RandomForest",0.25
"82605528","(3, 8)","FamilyWithKids","RandomForest",0.585714285714286
"82786308","(1, 2)","ActiveAdults","RandomForest",0.266666666666667
"82993917","(3, 8)","FamilyWithKids","RandomForest",0.485294117647059
"82995451","(1, 2)","ActiveAdults","RandomForest",0.333333333333333
"83019383","(1, 2)","ActiveAdults","RandomForest",0.592592592592593
"83130588","(1, 2)","ActiveAdults","RandomForest",0.411764705882353
"83282531","(1, 2)","ActiveAdults","RandomForest",0
"83300633","(1, 2)","ActiveAdults","RandomForest",0.530612244897959
"83338190","(3, 8)","FamilyWithKids","RandomForest",0.457142857142857
"83346120","(1, 2)","ActiveAdults","RandomForest",0.0714285714285714
"83349149","(3, 8)","ActiveAdults","RandomForest",0.0714285714285714
"83358751","(3, 8)","ActiveAdults","RandomForest",0.309090909090909
"83364178","(1, 2)","ActiveAdults","RandomForest",0.2
"83364844","(1, 2)","ActiveAdults","RandomForest",0.38
"83364884","(3, 8)","FamilyWithKids","RandomForest",0.341463414634146
"83365219","(3, 8)","ActiveAdults","RandomForest",0.166666666666667
"83372832","(1, 2)","ActiveAdults","RandomForest",0
"83378863","(1, 2)","ActiveAdults","RandomForest",0.416666666666667
"83380901","(1, 2)","ActiveAdults","RandomForest",0.2
"83382861","(3, 8)","FamilyWithKids","RandomForest",0.439024390243902
"83384197","(1, 2)","ActiveAdults","RandomForest",0.159090909090909
"83393777","(3, 8)","ActiveAdults","RandomForest",0
"83395000","(3, 8)","FamilyWithKids","RandomForest",0.439024390243902
"83400043","(1, 2)","ActiveAdults","RandomForest",0.444444444444444
"83400941","(1, 2)","ActiveAdults","RandomForest",0.222222222222222
"83401156","(3, 8)","FamilyWithKids","RandomForest",0.451612903225806
"83401618","(1, 2)","ActiveAdults","RandomForest",0.5
"83401731","(1, 2)","ActiveAdults","RandomForest",0.256410256410256
"83408558","(3, 8)","ActiveAdults","RandomForest",0.0862068965517241
"83413734","(3, 8)","ActiveAdults","RandomForest",0
"83414622","(1, 2)","FamilyWithKids","RandomForest",0.297297297297297
"83425959","(1, 2)","ActiveAdults","RandomForest",0.325581395348837
"83428501","(1, 2)","ActiveAdults","RandomForest",0.4
"83434713","(1, 2)","ActiveAdults","RandomForest",0.12
"83436203","(3, 8)","ActiveAdults","RandomForest",0.0666666666666667
"83446050","(1, 2)","ActiveAdults","RandomForest",0
"83461166","(3, 8)","FamilyWithKids","RandomForest",0.378787878787879
"83461665","(3, 8)","FamilyWithKids","RandomForest",0
"83462435","(1, 2)","ActiveAdults","RandomForest",0.481481481481482
"83465494","(3, 8)","ActiveAdults","RandomForest",0
"83490935","(3, 8)","ActiveAdults","RandomForest",0.117647058823529
"83513598","(1, 2)","ActiveAdults","RandomForest",0.189189189189189
"83518781","(3, 8)","FamilyWithKids","RandomForest",0.176470588235294
"83521436","(1, 2)","ActiveAdults","RandomForest",0.53125
"83522448","(3, 8)","ActiveAdults","RandomForest",0.406779661016949
"83526677","(3, 8)","FamilyWithKids","RandomForest",0.235294117647059
"83530334","(3, 8)","ActiveAdults","RandomForest",0.142857142857143
"83535649","(3, 8)","ActiveAdults","RandomForest",0.39344262295082
"83559746","(1, 2)","ActiveAdults","RandomForest",0.288461538461538
"83563372","(1, 2)","FamilyWithKids","RandomForest",0.714285714285714
"83576584","(3, 8)","ActiveAdults","RandomForest",0.30952380952381
"83578799","(1, 2)","ActiveAdults","RandomForest",0.166666666666667
"83594599","(1, 2)","ActiveAdults","RandomForest",0.277777777777778
"83594729","(1, 2)","FamilyWithKids","RandomForest",0.48780487804878
"83597079","(1, 2)","ActiveAdults","RandomForest",0.166666666666667
"83630572","(3, 8)","FamilyWithKids","RandomForest",0.421052631578947
"83655957","(3, 8)","ActiveAdults","RandomForest",0.153846153846154
"83664384","(1, 2)","FamilyWithKids","RandomForest",0.466666666666667
"83665040","(1, 2)","FamilyWithKids","RandomForest",0.444444444444444
"83679888","(3, 8)","ActiveAdults","RandomForest",0
"83685018","(1, 2)","ActiveAdults","RandomForest",0.227272727272727
"83690941","(1, 2)","FamilyWithKids","RandomForest",0.38
"83700631","(3, 8)","FamilyWithKids","RandomForest",0
"83704924","(3, 8)","ActiveAdults","RandomForest",0.297872340425532
"83706532","(3, 8)","FamilyWithKids","RandomForest",0.0588235294117647
"83709440","(1, 2)","ActiveAdults","RandomForest",0.405405405405405
"83719657","(1, 2)","ActiveAdults","RandomForest",0.297872340425532
"83724551","(3, 8)","FamilyWithKids","RandomForest",0.675324675324675
"83727639","(3, 8)","ActiveAdults","RandomForest",0.290322580645161
"83731716","(1, 2)","ActiveAdults","RandomForest",0.552238805970149
"83738363","(1, 2)","ActiveAdults","RandomForest",0.4
"83738446","(3, 8)","ActiveAdults","RandomForest",0.27906976744186
"83753913","(1, 2)","FamilyWithKids","RandomForest",0.506329113924051
"83765317","(3, 8)","FamilyWithKids","RandomForest",0
"83771436","(1, 2)","FamilyWithKids","RandomForest",0.333333333333333
"83771885","(3, 8)","FamilyWithKids","RandomForest",0.358208955223881
"83775304","(1, 2)","ActiveAdults","RandomForest",0.327586206896552
"83792313","(3, 8)","FamilyWithKids","RandomForest",0.0476190476190476
"83794224","(1, 2)","FamilyWithKids","RandomForest",0.433962264150943
"84465474","(3, 8)","FamilyWithKids","RandomForest",0.3125
"84500782","(3, 8)","FamilyWithKids","RandomForest",0.15
"84682115","(1, 2)","ActiveAdults","RandomForest",0.234042553191489
"84760514","(3, 8)","FamilyWithKids","RandomForest",0.425531914893617
"84818244","(3, 8)","ActiveAdults","RandomForest",0
"85304894","(1, 2)","ActiveAdults","RandomForest",0.387755102040816
"86203769","(1, 2)","FamilyWithKids","RandomForest",0.48936170212766
"86652832","(1, 2)","FamilyWithKids","RandomForest",0.416666666666667
"87369444","(3, 8)","FamilyWithKids","RandomForest",0.316666666666667
"87378212","(1, 2)","ActiveAdults","RandomForest",0.0769230769230769
"87379555","(1, 2)","ActiveAdults","RandomForest",0.418181818181818
"87379801","(1, 2)","ActiveAdults","RandomForest",0.0227272727272727
"87384647","(1, 2)","ActiveAdults","RandomForest",0.162162162162162
"87386240","(1, 2)","ActiveAdults","RandomForest",0.255813953488372
"87408632","(3, 8)","ActiveAdults","RandomForest",0
"87415946","(3, 8)","ActiveAdults","RandomForest",0.0689655172413793
"87419772","(3, 8)","ActiveAdults","RandomForest",0.346153846153846
"87422715","(1, 2)","ActiveAdults","RandomForest",0.389830508474576
"87456189","(1, 2)","ActiveAdults","RandomForest",0.415094339622642
"87462021","(1, 2)","ActiveAdults","RandomForest",0.226415094339623
"87467539","(3, 8)","FamilyWithKids","RandomForest",0.212765957446809
"87471347","(3, 8)","FamilyWithKids","RandomForest",0
"87471817","(1, 2)","FamilyWithKids","RandomForest",0.552631578947368
"87479340","(1, 2)","ActiveAdults","RandomForest",0.555555555555556
"87492114","(1, 2)","ActiveAdults","RandomForest",0.272727272727273
"87494218","(3, 8)","FamilyWithKids","RandomForest",0.0625
"87494793","(1, 2)","ActiveAdults","RandomForest",0.171428571428571
"87494794","(1, 2)","ActiveAdults","RandomForest",0.224489795918367
"87495170","(1, 2)","ActiveAdults","RandomForest",0.413793103448276
"87499587","(3, 8)","FamilyWithKids","RandomForest",0.5
"87516024","(3, 8)","ActiveAdults","RandomForest",0.272727272727273
"87531333","(3, 8)","FamilyWithKids","RandomForest",0.111111111111111
"87555786","(1, 2)","ActiveAdults","RandomForest",0.208333333333333
"87560910","(1, 2)","FamilyWithKids","RandomForest",0.716666666666667
"87569905","(3, 8)","ActiveAdults","RandomForest",0.234042553191489
"87589339","(3, 8)","ActiveAdults","RandomForest",0
"87606784","(3, 8)","FamilyWithKids","RandomForest",0
"87610270","(3, 8)","ActiveAdults","RandomForest",0.205128205128205
"87611427","(1, 2)","ActiveAdults","RandomForest",0.415094339622642
"87614604","(1, 2)","ActiveAdults","RandomForest",0.311475409836066
"87614759","(1, 2)","ActiveAdults","RandomForest",0.153846153846154
"87618018","(1, 2)","ActiveAdults","RandomForest",0
"87629398","(3, 8)","ActiveAdults","RandomForest",0.2
"87630657","(3, 8)","ActiveAdults","RandomForest",0.5
"87643671","(3, 8)","FamilyWithKids","RandomForest",0.102564102564103
"87647076","(1, 2)","FamilyWithKids","RandomForest",0.25
"87649758","(3, 8)","ActiveAdults","RandomForest",0.5
"87651017","(3, 8)","ActiveAdults","RandomForest",0.025
"87677276","(1, 2)","ActiveAdults","RandomForest",0.27906976744186
"87679585","(3, 8)","ActiveAdults","RandomForest",0
"87715510","(1, 2)","FamilyWithKids","RandomForest",0.482142857142857
"87715856","(3, 8)","ActiveAdults","RandomForest",0.0571428571428571
"88093667","(3, 8)","ActiveAdults","RandomForest",0.311475409836066
"89428149","(1, 2)","FamilyWithKids","RandomForest",0.0615384615384615
"89937892","(1, 2)","ActiveAdults","RandomForest",0.448275862068966
"91325472","(3, 8)","ActiveAdults","RandomForest",0.203389830508475
"91371247","(3, 8)","FamilyWithKids","RandomForest",0.46031746031746
"92115857","(1, 2)","FamilyWithKids","RandomForest",0.35
"92194517","(1, 2)","ActiveAdults","RandomForest",0.267857142857143
"92226870","(1, 2)","FamilyWithKids","RandomForest",0
"92286365","(3, 8)","FamilyWithKids","RandomForest",0.371794871794872
"92297638","(3, 8)","FamilyWithKids","RandomForest",0.472972972972973
"92959381","(3, 8)","ActiveAdults","RandomForest",0.0588235294117647
"93879272","(3, 8)","FamilyWithKids","RandomForest",0.0930232558139535
"94050482","(1, 2)","ActiveAdults","RandomForest",0.293103448275862
"94173326","(3, 8)","ActiveAdults","RandomForest",0.0952380952380952
"94197152","(1, 2)","FamilyWithKids","RandomForest",0.323529411764706
"94365211","(3, 8)","FamilyWithKids","RandomForest",0.258064516129032
"94452889","(3, 8)","ActiveAdults","RandomForest",0.170212765957447
"99619210","(1, 2)","FamilyWithKids","RandomForest",0.333333333333333
"99790629","(1, 2)","FamilyWithKids","RandomForest",0.233333333333333
"99922113","(1, 2)","FamilyWithKids","RandomForest",0.431034482758621
"100184276","(1, 2)","FamilyWithKids","RandomForest",0.246575342465753
"100225690","(1, 2)","FamilyWithKids","RandomForest",0.422222222222222
"100226549","(1, 2)","FamilyWithKids","RandomForest",0.649350649350649
"100545759","(1, 2)","FamilyWithKids","RandomForest",0.211538461538462
"102457504","(3, 8)","ActiveAdults","RandomForest",0
"102693642","(1, 2)","ActiveAdults","RandomForest",0
"102752599","(3, 8)","ActiveAdults","RandomForest",0
"102809096","(3, 8)","ActiveAdults","RandomForest",0.369565217391304
"102941524","(3, 8)","ActiveAdults","RandomForest",0.394736842105263
"102967863","(3, 8)","ActiveAdults","RandomForest",0.294117647058824
"103130132","(3, 8)","FamilyWithKids","RandomForest",0.453125
"103133585","(1, 2)","ActiveAdults","RandomForest",0.39622641509434
"103134579","(1, 2)","FamilyWithKids","RandomForest",0.415384615384615
"103454720","(3, 8)","ActiveAdults","RandomForest",0.375
"103497762","(1, 2)","ActiveAdults","RandomForest",0.4
"104564558","(1, 2)","FamilyWithKids","RandomForest",0.26865671641791
"104665451","(3, 8)","FamilyWithKids","RandomForest",0.22
"107680813","(3, 8)","ActiveAdults","RandomForest",0.166666666666667
"108200318","(3, 8)","ActiveAdults","RandomForest",0.483333333333333
"108243612","(3, 8)","ActiveAdults","RandomForest",0
"110708204","(1, 2)","ActiveAdults","RandomForest",0.157894736842105
"112467482","(1, 2)","FamilyWithKids","RandomForest",0.222222222222222
"125228790","(3, 8)","ActiveAdults","RandomForest",0.0714285714285714
"128398028","(1, 2)","FamilyWithKids","RandomForest",0
"129693269","(3, 8)","ActiveAdults","RandomForest",0.666666666666667
"130366108","(3, 8)","FamilyWithKids","RandomForest",0.372881355932203
