"Customer","FamilyMembers","Lifestage","Model","recall"
"37912","(3, 8)","FamilyWithKids","Baseline",0.375
"179359","(3, 8)","FamilyWithKids","Baseline",0.421052631578947
"295501","(3, 8)","FamilyWithKids","Baseline",0
"396634","(3, 8)","FamilyWithKids","Baseline",0
"423754","(3, 8)","ActiveAdults","Baseline",0.6
"457300","(3, 8)","FamilyWithKids","Baseline",0.176470588235294
"681704","(3, 8)","FamilyWithKids","Baseline",0.153846153846154
"682808","(3, 8)","FamilyWithKids","Baseline",0.575
"731884","(1, 2)","FamilyWithKids","Baseline",0
"1051535","(3, 8)","ActiveAdults","Baseline",0.625
"1072151","(3, 8)","FamilyWithKids","Baseline",0
"1119779","(3, 8)","ActiveAdults","Baseline",0.571428571428571
"1133209","(1, 2)","FamilyWithKids","Baseline",0.666666666666667
"1515228","(3, 8)","FamilyWithKids","Baseline",0.521739130434783
"1593868","(3, 8)","ActiveAdults","Baseline",0.75
"1610551","(3, 8)","ActiveAdults","Baseline",0.545454545454545
"1881021","(3, 8)","ActiveAdults","Baseline",0
"1916490","(3, 8)","FamilyWithKids","Baseline",0.5
"1965318","(3, 8)","ActiveAdults","Baseline",0.354838709677419
"1981739","(3, 8)","FamilyWithKids","Baseline",0.444444444444444
"2003984","(3, 8)","FamilyWithKids","Baseline",0.52
"2010692","(3, 8)","ActiveAdults","Baseline",0.636363636363636
"2021880","(1, 2)","FamilyWithKids","Baseline",0.565217391304348
"2109697","(3, 8)","FamilyWithKids","Baseline",0.181818181818182
"2129104","(3, 8)","FamilyWithKids","Baseline",0.461538461538462
"2381096","(1, 2)","FamilyWithKids","Baseline",0.416666666666667
"2455268","(3, 8)","FamilyWithKids","Baseline",0.35
"2523041","(3, 8)","FamilyWithKids","Baseline",0.307692307692308
"2659406","(1, 2)","ActiveAdults","Baseline",0.421052631578947
"2789797","(3, 8)","ActiveAdults","Baseline",0.428571428571429
"2849286","(1, 2)","ActiveAdults","Baseline",0.405405405405405
"2887859","(1, 2)","FamilyWithKids","Baseline",0.25
"2890028","(3, 8)","FamilyWithKids","Baseline",0.5
"2903695","(3, 8)","ActiveAdults","Baseline",0.0526315789473684
"2945756","(3, 8)","FamilyWithKids","Baseline",0.6
"3065245","(3, 8)","FamilyWithKids","Baseline",0.625
"3083880","(1, 2)","FamilyWithKids","Baseline",0.127659574468085
"3117308","(3, 8)","ActiveAdults","Baseline",0
"3194088","(1, 2)","FamilyWithKids","Baseline",0.571428571428571
"3418370","(3, 8)","ActiveAdults","Baseline",0.666666666666667
"3454725","(1, 2)","ActiveAdults","Baseline",0.448275862068966
"3472112","(1, 2)","FamilyWithKids","Baseline",0.35
"3475678","(3, 8)","ActiveAdults","Baseline",0.217391304347826
"3590850","(1, 2)","FamilyWithKids","Baseline",0.171428571428571
"3611317","(3, 8)","ActiveAdults","Baseline",0.2
"3700492","(3, 8)","FamilyWithKids","Baseline",0
"4081943","(3, 8)","ActiveAdults","Baseline",0.777777777777778
"4092679","(3, 8)","FamilyWithKids","Baseline",0.175
"4095466","(3, 8)","ActiveAdults","Baseline",0.32258064516129
"4210887","(1, 2)","FamilyWithKids","Baseline",0
"4252015","(1, 2)","ActiveAdults","Baseline",0.3
"4360222","(3, 8)","FamilyWithKids","Baseline",0.4
"4458410","(3, 8)","FamilyWithKids","Baseline",0.833333333333333
"4502544","(3, 8)","FamilyWithKids","Baseline",0.4375
"4688795","(3, 8)","ActiveAdults","Baseline",0.5
"4820245","(3, 8)","FamilyWithKids","Baseline",0.444444444444444
"5055905","(3, 8)","FamilyWithKids","Baseline",0.703703703703704
"5070212","(1, 2)","FamilyWithKids","Baseline",0.576923076923077
"5079193","(3, 8)","FamilyWithKids","Baseline",0.636363636363636
"5090378","(3, 8)","ActiveAdults","Baseline",0.230769230769231
"5230429","(3, 8)","FamilyWithKids","Baseline",0.75
"5349257","(3, 8)","ActiveAdults","Baseline",0.457142857142857
"5486230","(3, 8)","ActiveAdults","Baseline",0.32
"5518229","(1, 2)","FamilyWithKids","Baseline",0.666666666666667
"5828081","(3, 8)","FamilyWithKids","Baseline",0.285714285714286
"5834654","(3, 8)","FamilyWithKids","Baseline",0.342857142857143
"5837307","(3, 8)","ActiveAdults","Baseline",0.0588235294117647
"5900481","(1, 2)","FamilyWithKids","Baseline",0.441176470588235
"5926514","(1, 2)","ActiveAdults","Baseline",0.4375
"5932760","(3, 8)","ActiveAdults","Baseline",0
"5962226","(1, 2)","FamilyWithKids","Baseline",0.05
"6164386","(1, 2)","FamilyWithKids","Baseline",0.689655172413793
"6227527","(3, 8)","ActiveAdults","Baseline",0
"6244357","(3, 8)","FamilyWithKids","Baseline",0.5
"6347907","(3, 8)","FamilyWithKids","Baseline",0.5
"6554495","(3, 8)","ActiveAdults","Baseline",0.585365853658537
"6589303","(3, 8)","FamilyWithKids","Baseline",0.272727272727273
"6625496","(3, 8)","FamilyWithKids","Baseline",0
"6645683","(1, 2)","ActiveAdults","Baseline",0.375
"6867147","(3, 8)","FamilyWithKids","Baseline",0.266666666666667
"6946384","(1, 2)","FamilyWithKids","Baseline",0.552631578947368
"7117945","(3, 8)","ActiveAdults","Baseline",0.285714285714286
"7125823","(1, 2)","FamilyWithKids","Baseline",0.31578947368421
"7152560","(1, 2)","FamilyWithKids","Baseline",0.421052631578947
"7193509","(3, 8)","FamilyWithKids","Baseline",0.529411764705882
"7248545","(3, 8)","ActiveAdults","Baseline",0.75
"7395471","(3, 8)","FamilyWithKids","Baseline",0.2
"7754367","(1, 2)","ActiveAdults","Baseline",0.235294117647059
"7774258","(3, 8)","ActiveAdults","Baseline",0.416666666666667
"7923839","(1, 2)","ActiveAdults","Baseline",0.846153846153846
"7943400","(3, 8)","FamilyWithKids","Baseline",0.551724137931034
"7954243","(3, 8)","ActiveAdults","Baseline",0.740740740740741
"8063255","(1, 2)","ActiveAdults","Baseline",0.5
"8128139","(1, 2)","FamilyWithKids","Baseline",0.483870967741935
"8233719","(3, 8)","FamilyWithKids","Baseline",0.666666666666667
"8406386","(1, 2)","FamilyWithKids","Baseline",0.5
"8587555","(3, 8)","FamilyWithKids","Baseline",0.454545454545454
"8607458","(3, 8)","FamilyWithKids","Baseline",0.307692307692308
"8615531","(1, 2)","FamilyWithKids","Baseline",0.0666666666666667
"8736972","(1, 2)","FamilyWithKids","Baseline",0.333333333333333
"9007266","(3, 8)","FamilyWithKids","Baseline",0.354838709677419
"9059566","(3, 8)","FamilyWithKids","Baseline",0.130434782608696
"9139989","(3, 8)","FamilyWithKids","Baseline",0.478260869565217
"9155436","(3, 8)","FamilyWithKids","Baseline",0
"9274130","(3, 8)","FamilyWithKids","Baseline",0.555555555555556
"9279821","(3, 8)","ActiveAdults","Baseline",0.666666666666667
"9298060","(3, 8)","ActiveAdults","Baseline",0.555555555555556
"9303140","(1, 2)","ActiveAdults","Baseline",0.5
"9335132","(1, 2)","FamilyWithKids","Baseline",0.375
"9354586","(3, 8)","FamilyWithKids","Baseline",0.153846153846154
"9482519","(1, 2)","FamilyWithKids","Baseline",0.681818181818182
"9493177","(3, 8)","FamilyWithKids","Baseline",0.648648648648649
"9529316","(1, 2)","ActiveAdults","Baseline",0.486486486486487
"9574087","(3, 8)","FamilyWithKids","Baseline",0.193548387096774
"9749751","(1, 2)","FamilyWithKids","Baseline",0.642857142857143
"9758155","(3, 8)","ActiveAdults","Baseline",0.64
"9805405","(1, 2)","ActiveAdults","Baseline",0.307692307692308
"9832521","(1, 2)","ActiveAdults","Baseline",0.291666666666667
"9842261","(3, 8)","FamilyWithKids","Baseline",0.35
"10105631","(1, 2)","FamilyWithKids","Baseline",0.333333333333333
"10139080","(3, 8)","FamilyWithKids","Baseline",0.24
"10257405","(3, 8)","ActiveAdults","Baseline",0.545454545454545
"10532324","(3, 8)","FamilyWithKids","Baseline",0.428571428571429
"10640319","(1, 2)","ActiveAdults","Baseline",0.172413793103448
"10801631","(3, 8)","ActiveAdults","Baseline",0.133333333333333
"10894040","(1, 2)","ActiveAdults","Baseline",0.5
"10894888","(3, 8)","ActiveAdults","Baseline",0.162162162162162
"10900743","(1, 2)","ActiveAdults","Baseline",0.166666666666667
"10911303","(3, 8)","FamilyWithKids","Baseline",0.591836734693878
"10925652","(3, 8)","ActiveAdults","Baseline",0.260869565217391
"11172871","(3, 8)","FamilyWithKids","Baseline",0.454545454545454
"11257237","(1, 2)","ActiveAdults","Baseline",0.645833333333333
"11627871","(3, 8)","FamilyWithKids","Baseline",0.25
"11729338","(3, 8)","FamilyWithKids","Baseline",0.636363636363636
"11779601","(3, 8)","FamilyWithKids","Baseline",0.472222222222222
"11852324","(3, 8)","ActiveAdults","Baseline",0.384615384615385
"11912555","(1, 2)","FamilyWithKids","Baseline",0.285714285714286
"12078622","(1, 2)","FamilyWithKids","Baseline",0.68421052631579
"12120644","(1, 2)","FamilyWithKids","Baseline",0.60377358490566
"12167956","(3, 8)","ActiveAdults","Baseline",0.64
"12177802","(1, 2)","ActiveAdults","Baseline",0.464285714285714
"12223508","(3, 8)","FamilyWithKids","Baseline",0.292682926829268
"12237973","(3, 8)","ActiveAdults","Baseline",0.652173913043478
"12257542","(3, 8)","FamilyWithKids","Baseline",0
"12276650","(3, 8)","ActiveAdults","Baseline",0.615384615384615
"12504304","(1, 2)","ActiveAdults","Baseline",1
"12515785","(3, 8)","FamilyWithKids","Baseline",0.666666666666667
"12845306","(3, 8)","FamilyWithKids","Baseline",0.375
"12871209","(3, 8)","FamilyWithKids","Baseline",0.304347826086957
"12962537","(1, 2)","ActiveAdults","Baseline",0.3125
"12980036","(3, 8)","ActiveAdults","Baseline",0.523809523809524
"12980061","(1, 2)","FamilyWithKids","Baseline",0.0434782608695652
"13025896","(3, 8)","ActiveAdults","Baseline",0.4
"13031606","(1, 2)","FamilyWithKids","Baseline",0.238095238095238
"13046181","(3, 8)","ActiveAdults","Baseline",0.5
"13048293","(3, 8)","ActiveAdults","Baseline",0.5
"13070182","(3, 8)","FamilyWithKids","Baseline",0.275862068965517
"13248069","(3, 8)","ActiveAdults","Baseline",0
"13283749","(3, 8)","ActiveAdults","Baseline",0.32
"13337486","(3, 8)","FamilyWithKids","Baseline",0
"13363691","(1, 2)","ActiveAdults","Baseline",0.6
"13376772","(1, 2)","FamilyWithKids","Baseline",0.298245614035088
"18885480","(1, 2)","FamilyWithKids","Baseline",0.333333333333333
"18893240","(3, 8)","ActiveAdults","Baseline",0.5
"18910735","(3, 8)","ActiveAdults","Baseline",0.285714285714286
"18915996","(3, 8)","FamilyWithKids","Baseline",0.833333333333333
"18917984","(1, 2)","FamilyWithKids","Baseline",0.571428571428571
"18926713","(3, 8)","FamilyWithKids","Baseline",0.2
"18933798","(3, 8)","ActiveAdults","Baseline",0.4
"18939620","(3, 8)","FamilyWithKids","Baseline",0.416666666666667
"18949341","(3, 8)","ActiveAdults","Baseline",0.428571428571429
"18970164","(3, 8)","FamilyWithKids","Baseline",0.9
"18974058","(3, 8)","FamilyWithKids","Baseline",0.714285714285714
"18979272","(3, 8)","ActiveAdults","Baseline",0.5
"19000317","(3, 8)","FamilyWithKids","Baseline",0.571428571428571
"19006325","(3, 8)","FamilyWithKids","Baseline",0.444444444444444
"19031006","(1, 2)","ActiveAdults","Baseline",0.25
"19063947","(3, 8)","ActiveAdults","Baseline",0.538461538461538
"19065018","(1, 2)","ActiveAdults","Baseline",0.555555555555556
"19081325","(3, 8)","FamilyWithKids","Baseline",0
"19111769","(3, 8)","ActiveAdults","Baseline",0.333333333333333
"19113568","(1, 2)","FamilyWithKids","Baseline",0
"19143595","(1, 2)","FamilyWithKids","Baseline",0.488372093023256
"19185625","(1, 2)","FamilyWithKids","Baseline",0.88
"19190685","(1, 2)","FamilyWithKids","Baseline",0
"19204079","(3, 8)","ActiveAdults","Baseline",0
"19210009","(3, 8)","FamilyWithKids","Baseline",0.5
"19211739","(3, 8)","ActiveAdults","Baseline",0.840909090909091
"19228548","(3, 8)","FamilyWithKids","Baseline",0.538461538461538
"19230069","(1, 2)","ActiveAdults","Baseline",0.333333333333333
"19243178","(3, 8)","FamilyWithKids","Baseline",0
"19262813","(1, 2)","ActiveAdults","Baseline",0.1
"19274514","(3, 8)","FamilyWithKids","Baseline",0.0476190476190476
"19286793","(3, 8)","FamilyWithKids","Baseline",0.25
"19317441","(3, 8)","FamilyWithKids","Baseline",0.641025641025641
"19337241","(3, 8)","FamilyWithKids","Baseline",0.774193548387097
"19341334","(1, 2)","ActiveAdults","Baseline",0
"19342043","(3, 8)","FamilyWithKids","Baseline",0.421052631578947
"19342312","(1, 2)","FamilyWithKids","Baseline",0.659090909090909
"19361406","(3, 8)","FamilyWithKids","Baseline",0.466666666666667
"19383196","(1, 2)","ActiveAdults","Baseline",0.375
"19394771","(1, 2)","FamilyWithKids","Baseline",0.222222222222222
"19398541","(1, 2)","ActiveAdults","Baseline",0
"19437256","(3, 8)","ActiveAdults","Baseline",0.666666666666667
"19441686","(3, 8)","FamilyWithKids","Baseline",0
"19454531","(3, 8)","ActiveAdults","Baseline",0
"19480086","(3, 8)","FamilyWithKids","Baseline",0.405405405405405
"19489701","(3, 8)","ActiveAdults","Baseline",0.607142857142857
"19514535","(1, 2)","FamilyWithKids","Baseline",0.45
"19523710","(3, 8)","FamilyWithKids","Baseline",0.645161290322581
"19529623","(3, 8)","FamilyWithKids","Baseline",0.296296296296296
"19546916","(3, 8)","FamilyWithKids","Baseline",0.147058823529412
"19572027","(3, 8)","FamilyWithKids","Baseline",0.578947368421053
"19575323","(1, 2)","ActiveAdults","Baseline",0.203703703703704
"19575511","(1, 2)","FamilyWithKids","Baseline",0.625
"19582754","(3, 8)","ActiveAdults","Baseline",0.266666666666667
"19586197","(3, 8)","ActiveAdults","Baseline",0.6
"19589390","(3, 8)","FamilyWithKids","Baseline",0.333333333333333
"19593919","(3, 8)","ActiveAdults","Baseline",0.458333333333333
"19595267","(3, 8)","ActiveAdults","Baseline",0.142857142857143
"19620636","(3, 8)","ActiveAdults","Baseline",0.484848484848485
"19633437","(3, 8)","FamilyWithKids","Baseline",0.361111111111111
"19635030","(3, 8)","ActiveAdults","Baseline",0.4
"25527026","(3, 8)","FamilyWithKids","Baseline",0.609756097560976
"25616425","(1, 2)","FamilyWithKids","Baseline",0.696969696969697
"25624350","(3, 8)","FamilyWithKids","Baseline",0.214285714285714
"25797019","(3, 8)","ActiveAdults","Baseline",0.536585365853659
"25819293","(1, 2)","FamilyWithKids","Baseline",0.0909090909090909
"25879492","(1, 2)","FamilyWithKids","Baseline",0.384615384615385
"25900167","(1, 2)","FamilyWithKids","Baseline",0
"26252886","(1, 2)","ActiveAdults","Baseline",0.222222222222222
"26253630","(3, 8)","ActiveAdults","Baseline",0.31578947368421
"26258025","(3, 8)","ActiveAdults","Baseline",0.111111111111111
"26269376","(3, 8)","ActiveAdults","Baseline",0.466666666666667
"26269953","(1, 2)","FamilyWithKids","Baseline",0.192307692307692
"26296755","(1, 2)","ActiveAdults","Baseline",0.222222222222222
"26305411","(1, 2)","FamilyWithKids","Baseline",0.333333333333333
"26306475","(3, 8)","ActiveAdults","Baseline",0.421052631578947
"26322109","(3, 8)","FamilyWithKids","Baseline",0.529411764705882
"26344568","(3, 8)","ActiveAdults","Baseline",0.285714285714286
"26346002","(3, 8)","FamilyWithKids","Baseline",0.521739130434783
"26364901","(1, 2)","ActiveAdults","Baseline",0.5
"26378476","(1, 2)","FamilyWithKids","Baseline",0.40625
"26387868","(1, 2)","FamilyWithKids","Baseline",0.147058823529412
"26390959","(1, 2)","FamilyWithKids","Baseline",0.478260869565217
"26400080","(1, 2)","FamilyWithKids","Baseline",0.4
"26400246","(1, 2)","FamilyWithKids","Baseline",0
"26402016","(1, 2)","FamilyWithKids","Baseline",0.861111111111111
"26460149","(1, 2)","ActiveAdults","Baseline",0.2
"26475795","(3, 8)","ActiveAdults","Baseline",0.333333333333333
"26489265","(3, 8)","FamilyWithKids","Baseline",0.642857142857143
"26491740","(3, 8)","FamilyWithKids","Baseline",0.307692307692308
"26495222","(3, 8)","FamilyWithKids","Baseline",0.583333333333333
"26502467","(3, 8)","FamilyWithKids","Baseline",0.511111111111111
"26502565","(3, 8)","ActiveAdults","Baseline",0.366666666666667
"26513012","(1, 2)","ActiveAdults","Baseline",0.222222222222222
"26513514","(1, 2)","FamilyWithKids","Baseline",0.0769230769230769
"26513722","(3, 8)","FamilyWithKids","Baseline",0.117647058823529
"26518495","(3, 8)","FamilyWithKids","Baseline",0.285714285714286
"26518659","(3, 8)","FamilyWithKids","Baseline",0.225806451612903
"26521517","(3, 8)","ActiveAdults","Baseline",0.416666666666667
"26522464","(1, 2)","FamilyWithKids","Baseline",0.666666666666667
"26535189","(3, 8)","FamilyWithKids","Baseline",0.761904761904762
"26544416","(3, 8)","ActiveAdults","Baseline",0
"26569507","(1, 2)","ActiveAdults","Baseline",0.125
"26578057","(1, 2)","FamilyWithKids","Baseline",0.181818181818182
"26585161","(1, 2)","FamilyWithKids","Baseline",0
"26589462","(1, 2)","ActiveAdults","Baseline",0.5
"26589534","(1, 2)","ActiveAdults","Baseline",0.434782608695652
"26600478","(1, 2)","ActiveAdults","Baseline",0.6
"26601946","(3, 8)","ActiveAdults","Baseline",0.585365853658537
"26618701","(3, 8)","ActiveAdults","Baseline",0.444444444444444
"29276526","(3, 8)","FamilyWithKids","Baseline",0.634146341463415
"29284158","(3, 8)","ActiveAdults","Baseline",0.347826086956522
"29304039","(3, 8)","ActiveAdults","Baseline",0.56
"29313565","(1, 2)","FamilyWithKids","Baseline",0.375
"29321769","(1, 2)","FamilyWithKids","Baseline",0.09375
"29337923","(3, 8)","ActiveAdults","Baseline",0
"29347236","(3, 8)","FamilyWithKids","Baseline",0.264705882352941
"29365545","(1, 2)","FamilyWithKids","Baseline",0.6875
"29380088","(3, 8)","FamilyWithKids","Baseline",0.541666666666667
"29406267","(3, 8)","ActiveAdults","Baseline",0.230769230769231
"29416697","(3, 8)","FamilyWithKids","Baseline",0.68
"29430523","(1, 2)","FamilyWithKids","Baseline",0
"29453248","(3, 8)","FamilyWithKids","Baseline",0.230769230769231
"29468396","(1, 2)","ActiveAdults","Baseline",0.25
"29468484","(3, 8)","ActiveAdults","Baseline",0.25
"29480655","(1, 2)","FamilyWithKids","Baseline",0.583333333333333
"34567526","(1, 2)","ActiveAdults","Baseline",0.19047619047619
"34571275","(3, 8)","ActiveAdults","Baseline",0.285714285714286
"34586076","(1, 2)","ActiveAdults","Baseline",0.727272727272727
"34586106","(1, 2)","FamilyWithKids","Baseline",0.75
"34610793","(1, 2)","ActiveAdults","Baseline",0.588235294117647
"34614938","(1, 2)","ActiveAdults","Baseline",0.2
"34640970","(1, 2)","ActiveAdults","Baseline",0.636363636363636
"34641300","(1, 2)","FamilyWithKids","Baseline",0.458333333333333
"34725020","(3, 8)","FamilyWithKids","Baseline",0.333333333333333
"34732848","(3, 8)","ActiveAdults","Baseline",0.285714285714286
"34761632","(1, 2)","FamilyWithKids","Baseline",0.413793103448276
"34764938","(3, 8)","FamilyWithKids","Baseline",0.620689655172414
"34765018","(3, 8)","FamilyWithKids","Baseline",0.431818181818182
"34775748","(1, 2)","ActiveAdults","Baseline",0.0909090909090909
"34800212","(3, 8)","FamilyWithKids","Baseline",0.565217391304348
"34811172","(1, 2)","FamilyWithKids","Baseline",0
"34813125","(1, 2)","FamilyWithKids","Baseline",0.549019607843137
"34829163","(1, 2)","FamilyWithKids","Baseline",0.432432432432432
"34849271","(3, 8)","ActiveAdults","Baseline",0
"34869011","(3, 8)","FamilyWithKids","Baseline",0.545454545454545
"34880990","(1, 2)","ActiveAdults","Baseline",0.58974358974359
"34900016","(3, 8)","FamilyWithKids","Baseline",0.481481481481482
"34921742","(3, 8)","ActiveAdults","Baseline",0
"34925450","(1, 2)","ActiveAdults","Baseline",0.142857142857143
"34939564","(3, 8)","FamilyWithKids","Baseline",0.65625
"34946074","(1, 2)","FamilyWithKids","Baseline",0.666666666666667
"34950147","(3, 8)","ActiveAdults","Baseline",0.636363636363636
"34959503","(1, 2)","ActiveAdults","Baseline",0.583333333333333
"34983607","(3, 8)","ActiveAdults","Baseline",0.545454545454545
"34992565","(3, 8)","ActiveAdults","Baseline",0.375
"35005435","(1, 2)","ActiveAdults","Baseline",0.4
"35006354","(1, 2)","FamilyWithKids","Baseline",0.454545454545454
"35019444","(1, 2)","FamilyWithKids","Baseline",0
"35027402","(1, 2)","ActiveAdults","Baseline",0.647058823529412
"35032328","(3, 8)","ActiveAdults","Baseline",0.619047619047619
"35094713","(3, 8)","ActiveAdults","Baseline",0.523809523809524
"35101316","(3, 8)","ActiveAdults","Baseline",0.571428571428571
"35103099","(1, 2)","ActiveAdults","Baseline",0.25
"35122644","(3, 8)","ActiveAdults","Baseline",0.638888888888889
"35132468","(1, 2)","ActiveAdults","Baseline",0.153846153846154
"35136756","(1, 2)","FamilyWithKids","Baseline",0.5
"35140443","(3, 8)","ActiveAdults","Baseline",0.45
"35142649","(3, 8)","FamilyWithKids","Baseline",0.442622950819672
"35185758","(3, 8)","ActiveAdults","Baseline",0.235294117647059
"35203400","(1, 2)","FamilyWithKids","Baseline",0.4375
"35231900","(1, 2)","ActiveAdults","Baseline",0.0833333333333333
"35232883","(3, 8)","ActiveAdults","Baseline",0
"35238063","(1, 2)","FamilyWithKids","Baseline",0.818181818181818
"35255400","(1, 2)","FamilyWithKids","Baseline",0.181818181818182
"35268006","(1, 2)","FamilyWithKids","Baseline",0.61764705882353
"35300245","(1, 2)","FamilyWithKids","Baseline",0.317073170731707
"35300600","(1, 2)","FamilyWithKids","Baseline",0
"35302000","(1, 2)","FamilyWithKids","Baseline",0.192307692307692
"35329337","(3, 8)","FamilyWithKids","Baseline",0.111111111111111
"39589733","(1, 2)","ActiveAdults","Baseline",0.393939393939394
"39592340","(3, 8)","ActiveAdults","Baseline",0.166666666666667
"39630514","(1, 2)","ActiveAdults","Baseline",0.555555555555556
"39633120","(1, 2)","FamilyWithKids","Baseline",0.5
"39661494","(3, 8)","FamilyWithKids","Baseline",0.37037037037037
"39674683","(3, 8)","ActiveAdults","Baseline",0.633333333333333
"39680217","(1, 2)","ActiveAdults","Baseline",0.533333333333333
"39733671","(3, 8)","ActiveAdults","Baseline",0.272727272727273
"39736627","(3, 8)","FamilyWithKids","Baseline",0.368421052631579
"39741603","(3, 8)","FamilyWithKids","Baseline",0.740740740740741
"39748303","(1, 2)","FamilyWithKids","Baseline",0.388888888888889
"39756194","(3, 8)","FamilyWithKids","Baseline",0.419354838709677
"39776678","(1, 2)","FamilyWithKids","Baseline",0.333333333333333
"39808384","(3, 8)","ActiveAdults","Baseline",0.25
"39820803","(3, 8)","ActiveAdults","Baseline",0
"39823522","(1, 2)","ActiveAdults","Baseline",0.117647058823529
"39824254","(1, 2)","ActiveAdults","Baseline",0.266666666666667
"39847892","(3, 8)","FamilyWithKids","Baseline",0.705882352941177
"39848592","(3, 8)","ActiveAdults","Baseline",0.0909090909090909
"39850588","(3, 8)","FamilyWithKids","Baseline",0.666666666666667
"39854202","(3, 8)","ActiveAdults","Baseline",0
"39858422","(1, 2)","ActiveAdults","Baseline",0.6
"39860814","(3, 8)","FamilyWithKids","Baseline",0.024390243902439
"39936339","(1, 2)","FamilyWithKids","Baseline",0.444444444444444
"39973308","(1, 2)","ActiveAdults","Baseline",0.2
"39977619","(3, 8)","FamilyWithKids","Baseline",0.454545454545454
"39981995","(3, 8)","FamilyWithKids","Baseline",0
"39994483","(3, 8)","FamilyWithKids","Baseline",0.558823529411765
"39999611","(3, 8)","ActiveAdults","Baseline",1
"40022328","(3, 8)","ActiveAdults","Baseline",0.611111111111111
"40023054","(3, 8)","FamilyWithKids","Baseline",0.758620689655172
"40053636","(1, 2)","ActiveAdults","Baseline",0.2
"40070326","(1, 2)","FamilyWithKids","Baseline",0.636363636363636
"40084053","(1, 2)","FamilyWithKids","Baseline",0.153846153846154
"40097852","(3, 8)","ActiveAdults","Baseline",0.48
"40108582","(3, 8)","ActiveAdults","Baseline",0
"40169462","(3, 8)","ActiveAdults","Baseline",0.25
"40182046","(3, 8)","FamilyWithKids","Baseline",0.647058823529412
"40196046","(3, 8)","ActiveAdults","Baseline",0
"40215452","(1, 2)","FamilyWithKids","Baseline",0.129032258064516
"40223973","(3, 8)","FamilyWithKids","Baseline",0.547619047619048
"40226426","(1, 2)","ActiveAdults","Baseline",0.36
"40232464","(1, 2)","ActiveAdults","Baseline",0
"40232955","(1, 2)","ActiveAdults","Baseline",0.733333333333333
"40248047","(1, 2)","FamilyWithKids","Baseline",0.516129032258065
"40254248","(1, 2)","ActiveAdults","Baseline",0.3
"40270915","(3, 8)","FamilyWithKids","Baseline",0.586206896551724
"40288817","(3, 8)","ActiveAdults","Baseline",0.307692307692308
"40292044","(1, 2)","ActiveAdults","Baseline",0.34375
"40304196","(1, 2)","FamilyWithKids","Baseline",0.2
"40308501","(3, 8)","FamilyWithKids","Baseline",0.68
"40326822","(3, 8)","ActiveAdults","Baseline",0.181818181818182
"40347802","(3, 8)","FamilyWithKids","Baseline",0.111111111111111
"40348254","(1, 2)","FamilyWithKids","Baseline",0.578947368421053
"40350785","(1, 2)","FamilyWithKids","Baseline",0.4
"50282366","(3, 8)","ActiveAdults","Baseline",0.7
"50514112","(3, 8)","FamilyWithKids","Baseline",0
"50728612","(3, 8)","ActiveAdults","Baseline",0.388888888888889
"50745069","(3, 8)","FamilyWithKids","Baseline",0
"50800943","(1, 2)","FamilyWithKids","Baseline",0.5
"50836946","(3, 8)","ActiveAdults","Baseline",0.705882352941177
"50849946","(1, 2)","ActiveAdults","Baseline",0
"50967359","(3, 8)","FamilyWithKids","Baseline",0.75
"51078948","(3, 8)","ActiveAdults","Baseline",0.263157894736842
"51101589","(1, 2)","FamilyWithKids","Baseline",0.25
"51136114","(3, 8)","ActiveAdults","Baseline",0.32258064516129
"51136225","(1, 2)","FamilyWithKids","Baseline",0
"51274788","(3, 8)","ActiveAdults","Baseline",0.2
"51327660","(3, 8)","FamilyWithKids","Baseline",0.5
"51349560","(1, 2)","ActiveAdults","Baseline",0.314285714285714
"51376374","(1, 2)","FamilyWithKids","Baseline",0.659574468085106
"51480876","(3, 8)","ActiveAdults","Baseline",0.17948717948718
"53499938","(3, 8)","ActiveAdults","Baseline",0.523809523809524
"53814005","(1, 2)","FamilyWithKids","Baseline",0.448275862068966
"54246765","(3, 8)","ActiveAdults","Baseline",0.166666666666667
"54706275","(3, 8)","FamilyWithKids","Baseline",0.32258064516129
"55031571","(3, 8)","FamilyWithKids","Baseline",0.5
"58104487","(1, 2)","ActiveAdults","Baseline",0.322033898305085
"58112970","(1, 2)","ActiveAdults","Baseline",0.4375
"58113416","(3, 8)","FamilyWithKids","Baseline",0.48
"58139794","(3, 8)","FamilyWithKids","Baseline",1
"58149188","(1, 2)","FamilyWithKids","Baseline",0.25
"58156906","(3, 8)","ActiveAdults","Baseline",0.590909090909091
"58156989","(1, 2)","ActiveAdults","Baseline",0.5
"58157344","(3, 8)","ActiveAdults","Baseline",0.653846153846154
"58158708","(3, 8)","FamilyWithKids","Baseline",0.80952380952381
"58160608","(3, 8)","ActiveAdults","Baseline",0.16
"58180839","(3, 8)","ActiveAdults","Baseline",0.411764705882353
"58186213","(1, 2)","ActiveAdults","Baseline",0.25
"58192769","(3, 8)","FamilyWithKids","Baseline",0
"58196114","(1, 2)","ActiveAdults","Baseline",0.461538461538462
"58196507","(3, 8)","FamilyWithKids","Baseline",0.333333333333333
"58208210","(1, 2)","ActiveAdults","Baseline",0.62962962962963
"58226070","(1, 2)","FamilyWithKids","Baseline",0.05
"58226234","(3, 8)","ActiveAdults","Baseline",0.5
"58228524","(3, 8)","FamilyWithKids","Baseline",0
"58270167","(3, 8)","FamilyWithKids","Baseline",0
"58277118","(3, 8)","ActiveAdults","Baseline",0.533333333333333
"58277624","(1, 2)","FamilyWithKids","Baseline",0.1
"58283898","(1, 2)","FamilyWithKids","Baseline",0
"58284638","(3, 8)","FamilyWithKids","Baseline",0
"58302844","(3, 8)","ActiveAdults","Baseline",0.535714285714286
"58316009","(1, 2)","ActiveAdults","Baseline",0.142857142857143
"58316652","(3, 8)","ActiveAdults","Baseline",0.391304347826087
"58329048","(3, 8)","FamilyWithKids","Baseline",0.25
"58332519","(1, 2)","FamilyWithKids","Baseline",0.818181818181818
"58344588","(1, 2)","FamilyWithKids","Baseline",0.738095238095238
"58356243","(3, 8)","FamilyWithKids","Baseline",0.45
"58360541","(3, 8)","FamilyWithKids","Baseline",0.325
"58367546","(1, 2)","FamilyWithKids","Baseline",0.611111111111111
"58367725","(3, 8)","FamilyWithKids","Baseline",0.444444444444444
"58375677","(3, 8)","ActiveAdults","Baseline",0
"58383372","(1, 2)","ActiveAdults","Baseline",0.611111111111111
"58385128","(1, 2)","FamilyWithKids","Baseline",0.414634146341463
"58388130","(1, 2)","ActiveAdults","Baseline",0.5
"58388694","(1, 2)","ActiveAdults","Baseline",0.25
"58392459","(1, 2)","ActiveAdults","Baseline",0
"58407838","(1, 2)","FamilyWithKids","Baseline",0.739130434782609
"58416269","(3, 8)","ActiveAdults","Baseline",0
"58441256","(1, 2)","FamilyWithKids","Baseline",0.6
"58447894","(1, 2)","ActiveAdults","Baseline",0.238095238095238
"58455302","(1, 2)","FamilyWithKids","Baseline",0.416666666666667
"58459782","(1, 2)","ActiveAdults","Baseline",0.576923076923077
"58475510","(3, 8)","ActiveAdults","Baseline",0.774193548387097
"58480922","(1, 2)","ActiveAdults","Baseline",0
"58495505","(1, 2)","FamilyWithKids","Baseline",0.666666666666667
"58496620","(1, 2)","ActiveAdults","Baseline",0
"58508502","(3, 8)","FamilyWithKids","Baseline",0.434782608695652
"58513193","(1, 2)","ActiveAdults","Baseline",0.5
"58516324","(1, 2)","FamilyWithKids","Baseline",0.348837209302326
"58523802","(1, 2)","ActiveAdults","Baseline",0.636363636363636
"58524204","(1, 2)","FamilyWithKids","Baseline",0.466666666666667
"59670237","(1, 2)","FamilyWithKids","Baseline",0.151515151515152
"59682382","(3, 8)","FamilyWithKids","Baseline",0.403846153846154
"59687794","(1, 2)","FamilyWithKids","Baseline",0.666666666666667
"59699781","(3, 8)","ActiveAdults","Baseline",0.36
"59702734","(1, 2)","ActiveAdults","Baseline",0.272727272727273
"59712747","(3, 8)","FamilyWithKids","Baseline",0.521739130434783
"59728494","(3, 8)","FamilyWithKids","Baseline",0.264705882352941
"59729184","(1, 2)","FamilyWithKids","Baseline",0.444444444444444
"59739148","(3, 8)","FamilyWithKids","Baseline",0.472222222222222
"59760632","(3, 8)","FamilyWithKids","Baseline",0.266666666666667
"59768083","(3, 8)","FamilyWithKids","Baseline",0.381818181818182
"59778528","(1, 2)","FamilyWithKids","Baseline",0.592592592592593
"59779125","(1, 2)","FamilyWithKids","Baseline",0.818181818181818
"59779535","(3, 8)","ActiveAdults","Baseline",0
"59782362","(3, 8)","FamilyWithKids","Baseline",0.5
"59806333","(1, 2)","FamilyWithKids","Baseline",0.526315789473684
"59817860","(1, 2)","ActiveAdults","Baseline",0.523809523809524
"59839642","(1, 2)","ActiveAdults","Baseline",0.333333333333333
"59844166","(3, 8)","ActiveAdults","Baseline",0.25
"59847659","(3, 8)","FamilyWithKids","Baseline",0.7
"59852517","(3, 8)","FamilyWithKids","Baseline",0.454545454545454
"59884707","(1, 2)","FamilyWithKids","Baseline",0.142857142857143
"59891701","(1, 2)","ActiveAdults","Baseline",0.622222222222222
"59897913","(3, 8)","FamilyWithKids","Baseline",0
"59920428","(3, 8)","ActiveAdults","Baseline",0.769230769230769
"59924568","(3, 8)","FamilyWithKids","Baseline",0.333333333333333
"59925221","(1, 2)","ActiveAdults","Baseline",0.35
"59955036","(1, 2)","ActiveAdults","Baseline",0.727272727272727
"59956735","(1, 2)","ActiveAdults","Baseline",0.2
"59965372","(1, 2)","FamilyWithKids","Baseline",0.583333333333333
"59965529","(1, 2)","ActiveAdults","Baseline",0.923076923076923
"59967820","(3, 8)","ActiveAdults","Baseline",0.731707317073171
"59976140","(3, 8)","ActiveAdults","Baseline",0.72972972972973
"59981970","(1, 2)","FamilyWithKids","Baseline",0.333333333333333
"59986777","(3, 8)","FamilyWithKids","Baseline",0.4
"59989188","(1, 2)","ActiveAdults","Baseline",0.407407407407407
"59998127","(3, 8)","ActiveAdults","Baseline",0.454545454545454
"60007334","(1, 2)","FamilyWithKids","Baseline",0
"60012661","(3, 8)","ActiveAdults","Baseline",0.375
"60017117","(1, 2)","FamilyWithKids","Baseline",0.153846153846154
"60573496","(1, 2)","FamilyWithKids","Baseline",0.615384615384615
"60922670","(1, 2)","ActiveAdults","Baseline",0.444444444444444
"61416621","(1, 2)","FamilyWithKids","Baseline",0.277777777777778
"62735475","(1, 2)","ActiveAdults","Baseline",0.571428571428571
"62768564","(3, 8)","FamilyWithKids","Baseline",0.655172413793103
"62813306","(3, 8)","FamilyWithKids","Baseline",0.608695652173913
"62874679","(3, 8)","ActiveAdults","Baseline",0.555555555555556
"63151674","(1, 2)","ActiveAdults","Baseline",0.454545454545454
"63397481","(3, 8)","FamilyWithKids","Baseline",0.636363636363636
"65720584","(1, 2)","ActiveAdults","Baseline",0.258064516129032
"66104531","(3, 8)","FamilyWithKids","Baseline",0.357142857142857
"66630660","(3, 8)","FamilyWithKids","Baseline",0.454545454545454
"66695274","(3, 8)","FamilyWithKids","Baseline",0.388888888888889
"66761145","(3, 8)","ActiveAdults","Baseline",0
"66775915","(3, 8)","ActiveAdults","Baseline",0.333333333333333
"66871006","(3, 8)","FamilyWithKids","Baseline",0.473684210526316
"66881061","(1, 2)","FamilyWithKids","Baseline",0.465116279069767
"66889077","(1, 2)","FamilyWithKids","Baseline",0
"66898004","(3, 8)","FamilyWithKids","Baseline",0.5
"66964628","(3, 8)","ActiveAdults","Baseline",0.461538461538462
"66979231","(1, 2)","FamilyWithKids","Baseline",0.166666666666667
"67059108","(3, 8)","ActiveAdults","Baseline",0.28125
"67108875","(3, 8)","ActiveAdults","Baseline",0.25
"67146581","(1, 2)","ActiveAdults","Baseline",0.333333333333333
"67321986","(1, 2)","FamilyWithKids","Baseline",0.666666666666667
"69159403","(3, 8)","ActiveAdults","Baseline",0.434782608695652
"69219956","(3, 8)","ActiveAdults","Baseline",0.5
"69474696","(1, 2)","FamilyWithKids","Baseline",0.225
"69726411","(1, 2)","ActiveAdults","Baseline",0
"70799511","(1, 2)","ActiveAdults","Baseline",0.5
"71229353","(1, 2)","ActiveAdults","Baseline",0.8
"71475037","(3, 8)","FamilyWithKids","Baseline",0.588235294117647
"71493852","(1, 2)","FamilyWithKids","Baseline",0
"71501592","(1, 2)","ActiveAdults","Baseline",0
"71506017","(1, 2)","ActiveAdults","Baseline",0
"71524187","(3, 8)","FamilyWithKids","Baseline",0
"71543400","(3, 8)","FamilyWithKids","Baseline",0.555555555555556
"71561002","(3, 8)","ActiveAdults","Baseline",0
"72941082","(3, 8)","FamilyWithKids","Baseline",0.538461538461538
"72974206","(3, 8)","FamilyWithKids","Baseline",0.666666666666667
"75691228","(3, 8)","FamilyWithKids","Baseline",0.555555555555556
"75936022","(1, 2)","ActiveAdults","Baseline",0.0357142857142857
"75985833","(3, 8)","ActiveAdults","Baseline",0.407407407407407
"76016359","(3, 8)","FamilyWithKids","Baseline",0.277777777777778
"76415707","(1, 2)","ActiveAdults","Baseline",0
"77579570","(3, 8)","FamilyWithKids","Baseline",0.714285714285714
"77675855","(3, 8)","FamilyWithKids","Baseline",0.3
"77826003","(1, 2)","ActiveAdults","Baseline",0.6
"77836267","(3, 8)","ActiveAdults","Baseline",0.5
"78120804","(3, 8)","ActiveAdults","Baseline",0.59375
"78142110","(3, 8)","FamilyWithKids","Baseline",0.333333333333333
"78590280","(3, 8)","FamilyWithKids","Baseline",0.5
"79540099","(1, 2)","ActiveAdults","Baseline",0.5
"79547988","(3, 8)","ActiveAdults","Baseline",0.76
"79553779","(1, 2)","FamilyWithKids","Baseline",0.384615384615385
"79565264","(1, 2)","FamilyWithKids","Baseline",0.72093023255814
"79579977","(1, 2)","FamilyWithKids","Baseline",0.454545454545454
"79600241","(1, 2)","FamilyWithKids","Baseline",0.772727272727273
"79616479","(1, 2)","FamilyWithKids","Baseline",0.55
"79624842","(3, 8)","FamilyWithKids","Baseline",0.142857142857143
"79628652","(1, 2)","FamilyWithKids","Baseline",0.333333333333333
"79638979","(3, 8)","ActiveAdults","Baseline",0.25
"79640490","(1, 2)","ActiveAdults","Baseline",0.607142857142857
"79644159","(3, 8)","FamilyWithKids","Baseline",0
"79644549","(1, 2)","ActiveAdults","Baseline",0
"79645625","(1, 2)","FamilyWithKids","Baseline",0
"79651680","(3, 8)","ActiveAdults","Baseline",0.0555555555555556
"80165689","(1, 2)","ActiveAdults","Baseline",0.75
"80171891","(3, 8)","FamilyWithKids","Baseline",0.631578947368421
"80175572","(1, 2)","ActiveAdults","Baseline",0.523809523809524
"80186376","(1, 2)","FamilyWithKids","Baseline",0.266666666666667
"80194920","(3, 8)","ActiveAdults","Baseline",0
"80202170","(1, 2)","ActiveAdults","Baseline",0.3
"80202552","(3, 8)","FamilyWithKids","Baseline",0.475
"80220912","(3, 8)","ActiveAdults","Baseline",0
"80232412","(1, 2)","ActiveAdults","Baseline",0
"80239063","(1, 2)","ActiveAdults","Baseline",0.75
"80239180","(1, 2)","FamilyWithKids","Baseline",0.625
"80249066","(1, 2)","ActiveAdults","Baseline",0.333333333333333
"80323953","(3, 8)","FamilyWithKids","Baseline",0.25
"80328203","(3, 8)","ActiveAdults","Baseline",0.217391304347826
"80328404","(1, 2)","ActiveAdults","Baseline",0.5
"80339337","(1, 2)","ActiveAdults","Baseline",0.142857142857143
"80354647","(3, 8)","FamilyWithKids","Baseline",0.575757575757576
"80356295","(1, 2)","FamilyWithKids","Baseline",0
"80357713","(1, 2)","ActiveAdults","Baseline",0.428571428571429
"80360482","(3, 8)","FamilyWithKids","Baseline",0.178571428571429
"80362603","(3, 8)","FamilyWithKids","Baseline",0.586206896551724
"80378375","(3, 8)","ActiveAdults","Baseline",0.333333333333333
"80387642","(1, 2)","ActiveAdults","Baseline",0.307692307692308
"80463017","(1, 2)","ActiveAdults","Baseline",0.714285714285714
"80704590","(1, 2)","ActiveAdults","Baseline",0.333333333333333
"81548965","(1, 2)","FamilyWithKids","Baseline",0.285714285714286
"81590621","(1, 2)","ActiveAdults","Baseline",0.388888888888889
"81622416","(3, 8)","FamilyWithKids","Baseline",0.153846153846154
"81656321","(3, 8)","ActiveAdults","Baseline",0.285714285714286
"81667387","(1, 2)","FamilyWithKids","Baseline",0
"82605528","(3, 8)","FamilyWithKids","Baseline",0.448979591836735
"82786308","(1, 2)","ActiveAdults","Baseline",0.142857142857143
"82993917","(3, 8)","FamilyWithKids","Baseline",0.289473684210526
"82995451","(1, 2)","ActiveAdults","Baseline",0
"83019383","(1, 2)","ActiveAdults","Baseline",0.486486486486487
"83130588","(1, 2)","ActiveAdults","Baseline",0.346153846153846
"83282531","(1, 2)","ActiveAdults","Baseline",0
"83300633","(1, 2)","ActiveAdults","Baseline",0.424242424242424
"83338190","(3, 8)","FamilyWithKids","Baseline",0.685714285714286
"83346120","(1, 2)","ActiveAdults","Baseline",0.5
"83349149","(3, 8)","ActiveAdults","Baseline",0
"83358751","(3, 8)","ActiveAdults","Baseline",0.736842105263158
"83364178","(1, 2)","ActiveAdults","Baseline",0.333333333333333
"83364844","(1, 2)","ActiveAdults","Baseline",0.541666666666667
"83364884","(3, 8)","FamilyWithKids","Baseline",0.391304347826087
"83365219","(3, 8)","ActiveAdults","Baseline",0.333333333333333
"83372832","(1, 2)","ActiveAdults","Baseline",0
"83378863","(1, 2)","ActiveAdults","Baseline",0.666666666666667
"83380901","(1, 2)","ActiveAdults","Baseline",0
"83382861","(3, 8)","FamilyWithKids","Baseline",0.5
"83384197","(1, 2)","ActiveAdults","Baseline",0.0769230769230769
"83393777","(3, 8)","ActiveAdults","Baseline",0
"83395000","(3, 8)","FamilyWithKids","Baseline",0.571428571428571
"83400043","(1, 2)","ActiveAdults","Baseline",0.68
"83400941","(1, 2)","ActiveAdults","Baseline",0.2
"83401156","(3, 8)","FamilyWithKids","Baseline",0.5
"83401618","(1, 2)","ActiveAdults","Baseline",0.333333333333333
"83401731","(1, 2)","ActiveAdults","Baseline",0.454545454545454
"83408558","(3, 8)","ActiveAdults","Baseline",0.285714285714286
"83413734","(3, 8)","ActiveAdults","Baseline",0
"83414622","(1, 2)","FamilyWithKids","Baseline",0.333333333333333
"83425959","(1, 2)","ActiveAdults","Baseline",0.588235294117647
"83428501","(1, 2)","ActiveAdults","Baseline",0.6
"83434713","(1, 2)","ActiveAdults","Baseline",0.857142857142857
"83436203","(3, 8)","ActiveAdults","Baseline",0
"83446050","(1, 2)","ActiveAdults","Baseline",0
"83461166","(3, 8)","FamilyWithKids","Baseline",0.571428571428571
"83461665","(3, 8)","FamilyWithKids","Baseline",0
"83462435","(1, 2)","ActiveAdults","Baseline",0.4375
"83465494","(3, 8)","ActiveAdults","Baseline",0
"83490935","(3, 8)","ActiveAdults","Baseline",0.25
"83513598","(1, 2)","ActiveAdults","Baseline",0
"83518781","(3, 8)","FamilyWithKids","Baseline",0.666666666666667
"83521436","(1, 2)","ActiveAdults","Baseline",0.111111111111111
"83522448","(3, 8)","ActiveAdults","Baseline",0.466666666666667
"83526677","(3, 8)","FamilyWithKids","Baseline",0.352941176470588
"83530334","(3, 8)","ActiveAdults","Baseline",0
"83535649","(3, 8)","ActiveAdults","Baseline",0.0833333333333333
"83559746","(1, 2)","ActiveAdults","Baseline",0.4375
"83563372","(1, 2)","FamilyWithKids","Baseline",0.115384615384615
"83576584","(3, 8)","ActiveAdults","Baseline",0.388888888888889
"83578799","(1, 2)","ActiveAdults","Baseline",0.545454545454545
"83594599","(1, 2)","ActiveAdults","Baseline",0.45
"83594729","(1, 2)","FamilyWithKids","Baseline",0.32
"83597079","(1, 2)","ActiveAdults","Baseline",0.4
"83630572","(3, 8)","FamilyWithKids","Baseline",0.346153846153846
"83655957","(3, 8)","ActiveAdults","Baseline",0.5
"83664384","(1, 2)","FamilyWithKids","Baseline",0.3
"83665040","(1, 2)","FamilyWithKids","Baseline",0.310344827586207
"83679888","(3, 8)","ActiveAdults","Baseline",0
"83685018","(1, 2)","ActiveAdults","Baseline",0.1875
"83690941","(1, 2)","FamilyWithKids","Baseline",0.45
"83700631","(3, 8)","FamilyWithKids","Baseline",0
"83704924","(3, 8)","ActiveAdults","Baseline",0.434782608695652
"83706532","(3, 8)","FamilyWithKids","Baseline",0.4
"83709440","(1, 2)","ActiveAdults","Baseline",0.705882352941177
"83719657","(1, 2)","ActiveAdults","Baseline",0.8
"83724551","(3, 8)","FamilyWithKids","Baseline",0.754716981132076
"83727639","(3, 8)","ActiveAdults","Baseline",0.7
"83731716","(1, 2)","ActiveAdults","Baseline",0.25531914893617
"83738363","(1, 2)","ActiveAdults","Baseline",0
"83738446","(3, 8)","ActiveAdults","Baseline",0.0714285714285714
"83753913","(1, 2)","FamilyWithKids","Baseline",0.674418604651163
"83765317","(3, 8)","FamilyWithKids","Baseline",0
"83771436","(1, 2)","FamilyWithKids","Baseline",0.307692307692308
"83771885","(3, 8)","FamilyWithKids","Baseline",0.538461538461538
"83775304","(1, 2)","ActiveAdults","Baseline",0
"83792313","(3, 8)","FamilyWithKids","Baseline",0.25
"83794224","(1, 2)","FamilyWithKids","Baseline",0.333333333333333
"84465474","(3, 8)","FamilyWithKids","Baseline",0.125
"84500782","(3, 8)","FamilyWithKids","Baseline",0.333333333333333
"84682115","(1, 2)","ActiveAdults","Baseline",0.357142857142857
"84760514","(3, 8)","FamilyWithKids","Baseline",0.458333333333333
"84818244","(3, 8)","ActiveAdults","Baseline",0
"85304894","(1, 2)","ActiveAdults","Baseline",0.458333333333333
"86203769","(1, 2)","FamilyWithKids","Baseline",0.266666666666667
"86652832","(1, 2)","FamilyWithKids","Baseline",0.625
"87369444","(3, 8)","FamilyWithKids","Baseline",0.608695652173913
"87378212","(1, 2)","ActiveAdults","Baseline",0
"87379555","(1, 2)","ActiveAdults","Baseline",0.206896551724138
"87379801","(1, 2)","ActiveAdults","Baseline",0
"87384647","(1, 2)","ActiveAdults","Baseline",0.363636363636364
"87386240","(1, 2)","ActiveAdults","Baseline",0.692307692307692
"87408632","(3, 8)","ActiveAdults","Baseline",0
"87415946","(3, 8)","ActiveAdults","Baseline",0
"87419772","(3, 8)","ActiveAdults","Baseline",0.4
"87422715","(1, 2)","ActiveAdults","Baseline",0.333333333333333
"87456189","(1, 2)","ActiveAdults","Baseline",0.642857142857143
"87462021","(1, 2)","ActiveAdults","Baseline",0.461538461538462
"87467539","(3, 8)","FamilyWithKids","Baseline",0.461538461538462
"87471347","(3, 8)","FamilyWithKids","Baseline",0
"87471817","(1, 2)","FamilyWithKids","Baseline",0.608695652173913
"87479340","(1, 2)","ActiveAdults","Baseline",0.564102564102564
"87492114","(1, 2)","ActiveAdults","Baseline",0.2
"87494218","(3, 8)","FamilyWithKids","Baseline",0
"87494793","(1, 2)","ActiveAdults","Baseline",0.0833333333333333
"87494794","(1, 2)","ActiveAdults","Baseline",0.818181818181818
"87495170","(1, 2)","ActiveAdults","Baseline",0.586206896551724
"87499587","(3, 8)","FamilyWithKids","Baseline",0.555555555555556
"87516024","(3, 8)","ActiveAdults","Baseline",0.294117647058824
"87531333","(3, 8)","FamilyWithKids","Baseline",0.142857142857143
"87555786","(1, 2)","ActiveAdults","Baseline",0.4
"87560910","(1, 2)","FamilyWithKids","Baseline",0.240740740740741
"87569905","(3, 8)","ActiveAdults","Baseline",0.0769230769230769
"87589339","(3, 8)","ActiveAdults","Baseline",0
"87606784","(3, 8)","FamilyWithKids","Baseline",0
"87610270","(3, 8)","ActiveAdults","Baseline",0.4
"87611427","(1, 2)","ActiveAdults","Baseline",0.388888888888889
"87614604","(1, 2)","ActiveAdults","Baseline",0.5
"87614759","(1, 2)","ActiveAdults","Baseline",0
"87618018","(1, 2)","ActiveAdults","Baseline",0
"87629398","(3, 8)","ActiveAdults","Baseline",0.285714285714286
"87630657","(3, 8)","ActiveAdults","Baseline",0.181818181818182
"87643671","(3, 8)","FamilyWithKids","Baseline",0
"87647076","(1, 2)","FamilyWithKids","Baseline",0.1
"87649758","(3, 8)","ActiveAdults","Baseline",0.157894736842105
"87651017","(3, 8)","ActiveAdults","Baseline",0
"87677276","(1, 2)","ActiveAdults","Baseline",0.3125
"87679585","(3, 8)","ActiveAdults","Baseline",0
"87715510","(1, 2)","FamilyWithKids","Baseline",0.542857142857143
"87715856","(3, 8)","ActiveAdults","Baseline",0.25
"88093667","(3, 8)","ActiveAdults","Baseline",0.52
"89428149","(1, 2)","FamilyWithKids","Baseline",0.5
"89937892","(1, 2)","ActiveAdults","Baseline",0.1875
"91325472","(3, 8)","ActiveAdults","Baseline",0.470588235294118
"91371247","(3, 8)","FamilyWithKids","Baseline",0.61764705882353
"92115857","(1, 2)","FamilyWithKids","Baseline",0.142857142857143
"92194517","(1, 2)","ActiveAdults","Baseline",0.529411764705882
"92226870","(1, 2)","FamilyWithKids","Baseline",0.25
"92286365","(3, 8)","FamilyWithKids","Baseline",0.59375
"92297638","(3, 8)","FamilyWithKids","Baseline",0.522727272727273
"92959381","(3, 8)","ActiveAdults","Baseline",0
"93879272","(3, 8)","FamilyWithKids","Baseline",0.333333333333333
"94050482","(1, 2)","ActiveAdults","Baseline",0.388888888888889
"94173326","(3, 8)","ActiveAdults","Baseline",0.142857142857143
"94197152","(1, 2)","FamilyWithKids","Baseline",0.269230769230769
"94365211","(3, 8)","FamilyWithKids","Baseline",0.611111111111111
"94452889","(3, 8)","ActiveAdults","Baseline",0.384615384615385
"99619210","(1, 2)","FamilyWithKids","Baseline",0.0869565217391304
"99790629","(1, 2)","FamilyWithKids","Baseline",0.166666666666667
"99922113","(1, 2)","FamilyWithKids","Baseline",0.441176470588235
"100184276","(1, 2)","FamilyWithKids","Baseline",0.55
"100225690","(1, 2)","FamilyWithKids","Baseline",0.5
"100226549","(1, 2)","FamilyWithKids","Baseline",0.685185185185185
"100545759","(1, 2)","FamilyWithKids","Baseline",0.263157894736842
"102457504","(3, 8)","ActiveAdults","Baseline",0
"102693642","(1, 2)","ActiveAdults","Baseline",0
"102752599","(3, 8)","ActiveAdults","Baseline",0
"102809096","(3, 8)","ActiveAdults","Baseline",0.473684210526316
"102941524","(3, 8)","ActiveAdults","Baseline",0.4
"102967863","(3, 8)","ActiveAdults","Baseline",0.0526315789473684
"103130132","(3, 8)","FamilyWithKids","Baseline",0.7
"103133585","(1, 2)","ActiveAdults","Baseline",0.592592592592593
"103134579","(1, 2)","FamilyWithKids","Baseline",0.5
"103454720","(3, 8)","ActiveAdults","Baseline",0.478260869565217
"103497762","(1, 2)","ActiveAdults","Baseline",0.464285714285714
"104564558","(1, 2)","FamilyWithKids","Baseline",0.6
"104665451","(3, 8)","FamilyWithKids","Baseline",0.428571428571429
"107680813","(3, 8)","ActiveAdults","Baseline",0.444444444444444
"108200318","(3, 8)","ActiveAdults","Baseline",0.733333333333333
"108243612","(3, 8)","ActiveAdults","Baseline",0
"110708204","(1, 2)","ActiveAdults","Baseline",1
"112467482","(1, 2)","FamilyWithKids","Baseline",0.5
"125228790","(3, 8)","ActiveAdults","Baseline",0.5
"128398028","(1, 2)","FamilyWithKids","Baseline",0
"129693269","(3, 8)","ActiveAdults","Baseline",0.111111111111111
"130366108","(3, 8)","FamilyWithKids","Baseline",0.217391304347826
"37912","(3, 8)","FamilyWithKids","RandomForest",0.875
"179359","(3, 8)","FamilyWithKids","RandomForest",0.68421052631579
"295501","(3, 8)","FamilyWithKids","RandomForest",0.666666666666667
"396634","(3, 8)","FamilyWithKids","RandomForest",0.727272727272727
"423754","(3, 8)","ActiveAdults","RandomForest",1
"457300","(3, 8)","FamilyWithKids","RandomForest",0.88235294117647
"681704","(3, 8)","FamilyWithKids","RandomForest",0.384615384615385
"682808","(3, 8)","FamilyWithKids","RandomForest",0.825
"731884","(1, 2)","FamilyWithKids","RandomForest",0
"1051535","(3, 8)","ActiveAdults","RandomForest",0.625
"1072151","(3, 8)","FamilyWithKids","RandomForest",0
"1119779","(3, 8)","ActiveAdults","RandomForest",0.571428571428571
"1133209","(1, 2)","FamilyWithKids","RandomForest",0.814814814814815
"1515228","(3, 8)","FamilyWithKids","RandomForest",0.782608695652174
"1593868","(3, 8)","ActiveAdults","RandomForest",0.75
"1610551","(3, 8)","ActiveAdults","RandomForest",0.909090909090909
"1881021","(3, 8)","ActiveAdults","RandomForest",0.5
"1916490","(3, 8)","FamilyWithKids","RandomForest",0.888888888888889
"1965318","(3, 8)","ActiveAdults","RandomForest",0.709677419354839
"1981739","(3, 8)","FamilyWithKids","RandomForest",0.888888888888889
"2003984","(3, 8)","FamilyWithKids","RandomForest",0.68
"2010692","(3, 8)","ActiveAdults","RandomForest",0.863636363636364
"2021880","(1, 2)","FamilyWithKids","RandomForest",0.91304347826087
"2109697","(3, 8)","FamilyWithKids","RandomForest",0.681818181818182
"2129104","(3, 8)","FamilyWithKids","RandomForest",0.923076923076923
"2381096","(1, 2)","FamilyWithKids","RandomForest",0.888888888888889
"2455268","(3, 8)","FamilyWithKids","RandomForest",0.85
"2523041","(3, 8)","FamilyWithKids","RandomForest",0.846153846153846
"2659406","(1, 2)","ActiveAdults","RandomForest",0.789473684210526
"2789797","(3, 8)","ActiveAdults","RandomForest",0.785714285714286
"2849286","(1, 2)","ActiveAdults","RandomForest",0.918918918918919
"2887859","(1, 2)","FamilyWithKids","RandomForest",0.583333333333333
"2890028","(3, 8)","FamilyWithKids","RandomForest",0.8
"2903695","(3, 8)","ActiveAdults","RandomForest",0.68421052631579
"2945756","(3, 8)","FamilyWithKids","RandomForest",0.933333333333333
"3065245","(3, 8)","FamilyWithKids","RandomForest",0.75
"3083880","(1, 2)","FamilyWithKids","RandomForest",0.574468085106383
"3117308","(3, 8)","ActiveAdults","RandomForest",0
"3194088","(1, 2)","FamilyWithKids","RandomForest",0.952380952380952
"3418370","(3, 8)","ActiveAdults","RandomForest",0.866666666666667
"3454725","(1, 2)","ActiveAdults","RandomForest",0.793103448275862
"3472112","(1, 2)","FamilyWithKids","RandomForest",0.75
"3475678","(3, 8)","ActiveAdults","RandomForest",0.521739130434783
"3590850","(1, 2)","FamilyWithKids","RandomForest",0.857142857142857
"3611317","(3, 8)","ActiveAdults","RandomForest",1
"3700492","(3, 8)","FamilyWithKids","RandomForest",0.588235294117647
"4081943","(3, 8)","ActiveAdults","RandomForest",1
"4092679","(3, 8)","FamilyWithKids","RandomForest",0.95
"4095466","(3, 8)","ActiveAdults","RandomForest",0.774193548387097
"4210887","(1, 2)","FamilyWithKids","RandomForest",0.555555555555556
"4252015","(1, 2)","ActiveAdults","RandomForest",0.8
"4360222","(3, 8)","FamilyWithKids","RandomForest",0.8
"4458410","(3, 8)","FamilyWithKids","RandomForest",1
"4502544","(3, 8)","FamilyWithKids","RandomForest",0.875
"4688795","(3, 8)","ActiveAdults","RandomForest",0.730769230769231
"4820245","(3, 8)","FamilyWithKids","RandomForest",0.888888888888889
"5055905","(3, 8)","FamilyWithKids","RandomForest",0.962962962962963
"5070212","(1, 2)","FamilyWithKids","RandomForest",0.807692307692308
"5079193","(3, 8)","FamilyWithKids","RandomForest",0.909090909090909
"5090378","(3, 8)","ActiveAdults","RandomForest",0.769230769230769
"5230429","(3, 8)","FamilyWithKids","RandomForest",0.875
"5349257","(3, 8)","ActiveAdults","RandomForest",0.857142857142857
"5486230","(3, 8)","ActiveAdults","RandomForest",0.8
"5518229","(1, 2)","FamilyWithKids","RandomForest",0.916666666666667
"5828081","(3, 8)","FamilyWithKids","RandomForest",0.714285714285714
"5834654","(3, 8)","FamilyWithKids","RandomForest",0.942857142857143
"5837307","(3, 8)","ActiveAdults","RandomForest",0.588235294117647
"5900481","(1, 2)","FamilyWithKids","RandomForest",0.823529411764706
"5926514","(1, 2)","ActiveAdults","RandomForest",0.8125
"5932760","(3, 8)","ActiveAdults","RandomForest",0.8
"5962226","(1, 2)","FamilyWithKids","RandomForest",0.55
"6164386","(1, 2)","FamilyWithKids","RandomForest",0.896551724137931
"6227527","(3, 8)","ActiveAdults","RandomForest",0.8
"6244357","(3, 8)","FamilyWithKids","RandomForest",0.9
"6347907","(3, 8)","FamilyWithKids","RandomForest",0.9
"6554495","(3, 8)","ActiveAdults","RandomForest",0.780487804878049
"6589303","(3, 8)","FamilyWithKids","RandomForest",0.727272727272727
"6625496","(3, 8)","FamilyWithKids","RandomForest",1
"6645683","(1, 2)","ActiveAdults","RandomForest",1
"6867147","(3, 8)","FamilyWithKids","RandomForest",0.866666666666667
"6946384","(1, 2)","FamilyWithKids","RandomForest",0.973684210526316
"7117945","(3, 8)","ActiveAdults","RandomForest",0.428571428571429
"7125823","(1, 2)","FamilyWithKids","RandomForest",0.736842105263158
"7152560","(1, 2)","FamilyWithKids","RandomForest",1
"7193509","(3, 8)","FamilyWithKids","RandomForest",0.911764705882353
"7248545","(3, 8)","ActiveAdults","RandomForest",1
"7395471","(3, 8)","FamilyWithKids","RandomForest",0.7
"7754367","(1, 2)","ActiveAdults","RandomForest",0.647058823529412
"7774258","(3, 8)","ActiveAdults","RandomForest",0.75
"7923839","(1, 2)","ActiveAdults","RandomForest",1
"7943400","(3, 8)","FamilyWithKids","RandomForest",0.896551724137931
"7954243","(3, 8)","ActiveAdults","RandomForest",0.851851851851852
"8063255","(1, 2)","ActiveAdults","RandomForest",1
"8128139","(1, 2)","FamilyWithKids","RandomForest",0.870967741935484
"8233719","(3, 8)","FamilyWithKids","RandomForest",1
"8406386","(1, 2)","FamilyWithKids","RandomForest",0.785714285714286
"8587555","(3, 8)","FamilyWithKids","RandomForest",0.909090909090909
"8607458","(3, 8)","FamilyWithKids","RandomForest",0.615384615384615
"8615531","(1, 2)","FamilyWithKids","RandomForest",0.666666666666667
"8736972","(1, 2)","FamilyWithKids","RandomForest",0.666666666666667
"9007266","(3, 8)","FamilyWithKids","RandomForest",0.935483870967742
"9059566","(3, 8)","FamilyWithKids","RandomForest",0.608695652173913
"9139989","(3, 8)","FamilyWithKids","RandomForest",0.695652173913043
"9155436","(3, 8)","FamilyWithKids","RandomForest",0.4
"9274130","(3, 8)","FamilyWithKids","RandomForest",0.888888888888889
"9279821","(3, 8)","ActiveAdults","RandomForest",0.875
"9298060","(3, 8)","ActiveAdults","RandomForest",0.833333333333333
"9303140","(1, 2)","ActiveAdults","RandomForest",0.818181818181818
"9335132","(1, 2)","FamilyWithKids","RandomForest",0.833333333333333
"9354586","(3, 8)","FamilyWithKids","RandomForest",0.923076923076923
"9482519","(1, 2)","FamilyWithKids","RandomForest",0.772727272727273
"9493177","(3, 8)","FamilyWithKids","RandomForest",0.945945945945946
"9529316","(1, 2)","ActiveAdults","RandomForest",0.891891891891892
"9574087","(3, 8)","FamilyWithKids","RandomForest",0.870967741935484
"9749751","(1, 2)","FamilyWithKids","RandomForest",0.857142857142857
"9758155","(3, 8)","ActiveAdults","RandomForest",1
"9805405","(1, 2)","ActiveAdults","RandomForest",0.769230769230769
"9832521","(1, 2)","ActiveAdults","RandomForest",0.708333333333333
"9842261","(3, 8)","FamilyWithKids","RandomForest",0.9
"10105631","(1, 2)","FamilyWithKids","RandomForest",0.666666666666667
"10139080","(3, 8)","FamilyWithKids","RandomForest",0.68
"10257405","(3, 8)","ActiveAdults","RandomForest",0.909090909090909
"10532324","(3, 8)","FamilyWithKids","RandomForest",0.857142857142857
"10640319","(1, 2)","ActiveAdults","RandomForest",0.775862068965517
"10801631","(3, 8)","ActiveAdults","RandomForest",0.866666666666667
"10894040","(1, 2)","ActiveAdults","RandomForest",0.833333333333333
"10894888","(3, 8)","ActiveAdults","RandomForest",0.783783783783784
"10900743","(1, 2)","ActiveAdults","RandomForest",0.166666666666667
"10911303","(3, 8)","FamilyWithKids","RandomForest",0.918367346938776
"10925652","(3, 8)","ActiveAdults","RandomForest",0.695652173913043
"11172871","(3, 8)","FamilyWithKids","RandomForest",0.636363636363636
"11257237","(1, 2)","ActiveAdults","RandomForest",0.958333333333333
"11627871","(3, 8)","FamilyWithKids","RandomForest",0.8125
"11729338","(3, 8)","FamilyWithKids","RandomForest",0.818181818181818
"11779601","(3, 8)","FamilyWithKids","RandomForest",0.888888888888889
"11852324","(3, 8)","ActiveAdults","RandomForest",0.384615384615385
"11912555","(1, 2)","FamilyWithKids","RandomForest",0.952380952380952
"12078622","(1, 2)","FamilyWithKids","RandomForest",0.947368421052632
"12120644","(1, 2)","FamilyWithKids","RandomForest",0.849056603773585
"12167956","(3, 8)","ActiveAdults","RandomForest",0.92
"12177802","(1, 2)","ActiveAdults","RandomForest",0.892857142857143
"12223508","(3, 8)","FamilyWithKids","RandomForest",0.780487804878049
"12237973","(3, 8)","ActiveAdults","RandomForest",0.782608695652174
"12257542","(3, 8)","FamilyWithKids","RandomForest",0.8
"12276650","(3, 8)","ActiveAdults","RandomForest",0.615384615384615
"12504304","(1, 2)","ActiveAdults","RandomForest",1
"12515785","(3, 8)","FamilyWithKids","RandomForest",0.848484848484849
"12845306","(3, 8)","FamilyWithKids","RandomForest",0.666666666666667
"12871209","(3, 8)","FamilyWithKids","RandomForest",0.739130434782609
"12962537","(1, 2)","ActiveAdults","RandomForest",0.5625
"12980036","(3, 8)","ActiveAdults","RandomForest",0.761904761904762
"12980061","(1, 2)","FamilyWithKids","RandomForest",0.956521739130435
"13025896","(3, 8)","ActiveAdults","RandomForest",0.85
"13031606","(1, 2)","FamilyWithKids","RandomForest",0.785714285714286
"13046181","(3, 8)","ActiveAdults","RandomForest",0.916666666666667
"13048293","(3, 8)","ActiveAdults","RandomForest",0.9
"13070182","(3, 8)","FamilyWithKids","RandomForest",0.896551724137931
"13248069","(3, 8)","ActiveAdults","RandomForest",0.666666666666667
"13283749","(3, 8)","ActiveAdults","RandomForest",0.68
"13337486","(3, 8)","FamilyWithKids","RandomForest",0
"13363691","(1, 2)","ActiveAdults","RandomForest",0.866666666666667
"13376772","(1, 2)","FamilyWithKids","RandomForest",0.912280701754386
"18885480","(1, 2)","FamilyWithKids","RandomForest",0.8
"18893240","(3, 8)","ActiveAdults","RandomForest",0.777777777777778
"18910735","(3, 8)","ActiveAdults","RandomForest",0.571428571428571
"18915996","(3, 8)","FamilyWithKids","RandomForest",1
"18917984","(1, 2)","FamilyWithKids","RandomForest",0.857142857142857
"18926713","(3, 8)","FamilyWithKids","RandomForest",0.4
"18933798","(3, 8)","ActiveAdults","RandomForest",0.9
"18939620","(3, 8)","FamilyWithKids","RandomForest",0.805555555555556
"18949341","(3, 8)","ActiveAdults","RandomForest",0.857142857142857
"18970164","(3, 8)","FamilyWithKids","RandomForest",0.95
"18974058","(3, 8)","FamilyWithKids","RandomForest",0.857142857142857
"18979272","(3, 8)","ActiveAdults","RandomForest",0.884615384615385
"19000317","(3, 8)","FamilyWithKids","RandomForest",0.857142857142857
"19006325","(3, 8)","FamilyWithKids","RandomForest",0.888888888888889
"19031006","(1, 2)","ActiveAdults","RandomForest",0.625
"19063947","(3, 8)","ActiveAdults","RandomForest",0.692307692307692
"19065018","(1, 2)","ActiveAdults","RandomForest",0.888888888888889
"19081325","(3, 8)","FamilyWithKids","RandomForest",0.857142857142857
"19111769","(3, 8)","ActiveAdults","RandomForest",0.666666666666667
"19113568","(1, 2)","FamilyWithKids","RandomForest",0
"19143595","(1, 2)","FamilyWithKids","RandomForest",0.837209302325581
"19185625","(1, 2)","FamilyWithKids","RandomForest",0.88
"19190685","(1, 2)","FamilyWithKids","RandomForest",0
"19204079","(3, 8)","ActiveAdults","RandomForest",0
"19210009","(3, 8)","FamilyWithKids","RandomForest",0.625
"19211739","(3, 8)","ActiveAdults","RandomForest",0.954545454545455
"19228548","(3, 8)","FamilyWithKids","RandomForest",0.615384615384615
"19230069","(1, 2)","ActiveAdults","RandomForest",0.888888888888889
"19243178","(3, 8)","FamilyWithKids","RandomForest",0
"19262813","(1, 2)","ActiveAdults","RandomForest",0.5
"19274514","(3, 8)","FamilyWithKids","RandomForest",0.523809523809524
"19286793","(3, 8)","FamilyWithKids","RandomForest",0.875
"19317441","(3, 8)","FamilyWithKids","RandomForest",0.897435897435897
"19337241","(3, 8)","FamilyWithKids","RandomForest",0.967741935483871
"19341334","(1, 2)","ActiveAdults","RandomForest",0
"19342043","(3, 8)","FamilyWithKids","RandomForest",0.68421052631579
"19342312","(1, 2)","FamilyWithKids","RandomForest",1
"19361406","(3, 8)","FamilyWithKids","RandomForest",0.933333333333333
"19383196","(1, 2)","ActiveAdults","RandomForest",0.875
"19394771","(1, 2)","FamilyWithKids","RandomForest",0.722222222222222
"19398541","(1, 2)","ActiveAdults","RandomForest",0
"19437256","(3, 8)","ActiveAdults","RandomForest",0.75
"19441686","(3, 8)","FamilyWithKids","RandomForest",0.142857142857143
"19454531","(3, 8)","ActiveAdults","RandomForest",0
"19480086","(3, 8)","FamilyWithKids","RandomForest",0.864864864864865
"19489701","(3, 8)","ActiveAdults","RandomForest",0.964285714285714
"19514535","(1, 2)","FamilyWithKids","RandomForest",0.825
"19523710","(3, 8)","FamilyWithKids","RandomForest",0.967741935483871
"19529623","(3, 8)","FamilyWithKids","RandomForest",0.777777777777778
"19546916","(3, 8)","FamilyWithKids","RandomForest",0.852941176470588
"19572027","(3, 8)","FamilyWithKids","RandomForest",0.789473684210526
"19575323","(1, 2)","ActiveAdults","RandomForest",0.796296296296296
"19575511","(1, 2)","FamilyWithKids","RandomForest",0.875
"19582754","(3, 8)","ActiveAdults","RandomForest",0.933333333333333
"19586197","(3, 8)","ActiveAdults","RandomForest",0.88
"19589390","(3, 8)","FamilyWithKids","RandomForest",0.777777777777778
"19593919","(3, 8)","ActiveAdults","RandomForest",0.708333333333333
"19595267","(3, 8)","ActiveAdults","RandomForest",0.523809523809524
"19620636","(3, 8)","ActiveAdults","RandomForest",0.878787878787879
"19633437","(3, 8)","FamilyWithKids","RandomForest",0.861111111111111
"19635030","(3, 8)","ActiveAdults","RandomForest",0.8
"25527026","(3, 8)","FamilyWithKids","RandomForest",0.878048780487805
"25616425","(1, 2)","FamilyWithKids","RandomForest",0.909090909090909
"25624350","(3, 8)","FamilyWithKids","RandomForest",0.785714285714286
"25797019","(3, 8)","ActiveAdults","RandomForest",0.853658536585366
"25819293","(1, 2)","FamilyWithKids","RandomForest",0.636363636363636
"25879492","(1, 2)","FamilyWithKids","RandomForest",0.884615384615385
"25900167","(1, 2)","FamilyWithKids","RandomForest",1
"26252886","(1, 2)","ActiveAdults","RandomForest",0.777777777777778
"26253630","(3, 8)","ActiveAdults","RandomForest",0.789473684210526
"26258025","(3, 8)","ActiveAdults","RandomForest",0.222222222222222
"26269376","(3, 8)","ActiveAdults","RandomForest",0.888888888888889
"26269953","(1, 2)","FamilyWithKids","RandomForest",0.615384615384615
"26296755","(1, 2)","ActiveAdults","RandomForest",0.666666666666667
"26305411","(1, 2)","FamilyWithKids","RandomForest",0.666666666666667
"26306475","(3, 8)","ActiveAdults","RandomForest",0.421052631578947
"26322109","(3, 8)","FamilyWithKids","RandomForest",0.823529411764706
"26344568","(3, 8)","ActiveAdults","RandomForest",0.5
"26346002","(3, 8)","FamilyWithKids","RandomForest",0.869565217391304
"26364901","(1, 2)","ActiveAdults","RandomForest",1
"26378476","(1, 2)","FamilyWithKids","RandomForest",0.78125
"26387868","(1, 2)","FamilyWithKids","RandomForest",0.764705882352941
"26390959","(1, 2)","FamilyWithKids","RandomForest",0.847826086956522
"26400080","(1, 2)","FamilyWithKids","RandomForest",1
"26400246","(1, 2)","FamilyWithKids","RandomForest",0.0588235294117647
"26402016","(1, 2)","FamilyWithKids","RandomForest",0.944444444444444
"26460149","(1, 2)","ActiveAdults","RandomForest",0.666666666666667
"26475795","(3, 8)","ActiveAdults","RandomForest",0.777777777777778
"26489265","(3, 8)","FamilyWithKids","RandomForest",0.785714285714286
"26491740","(3, 8)","FamilyWithKids","RandomForest",0.769230769230769
"26495222","(3, 8)","FamilyWithKids","RandomForest",0.916666666666667
"26502467","(3, 8)","FamilyWithKids","RandomForest",0.822222222222222
"26502565","(3, 8)","ActiveAdults","RandomForest",0.833333333333333
"26513012","(1, 2)","ActiveAdults","RandomForest",0.333333333333333
"26513514","(1, 2)","FamilyWithKids","RandomForest",0.846153846153846
"26513722","(3, 8)","FamilyWithKids","RandomForest",0.794117647058823
"26518495","(3, 8)","FamilyWithKids","RandomForest",0.857142857142857
"26518659","(3, 8)","FamilyWithKids","RandomForest",0.67741935483871
"26521517","(3, 8)","ActiveAdults","RandomForest",0.416666666666667
"26522464","(1, 2)","FamilyWithKids","RandomForest",0.833333333333333
"26535189","(3, 8)","FamilyWithKids","RandomForest",0.952380952380952
"26544416","(3, 8)","ActiveAdults","RandomForest",0
"26569507","(1, 2)","ActiveAdults","RandomForest",0.4375
"26578057","(1, 2)","FamilyWithKids","RandomForest",0.727272727272727
"26585161","(1, 2)","FamilyWithKids","RandomForest",0.75
"26589462","(1, 2)","ActiveAdults","RandomForest",0.71875
"26589534","(1, 2)","ActiveAdults","RandomForest",0.826086956521739
"26600478","(1, 2)","ActiveAdults","RandomForest",0.9
"26601946","(3, 8)","ActiveAdults","RandomForest",0.878048780487805
"26618701","(3, 8)","ActiveAdults","RandomForest",0.777777777777778
"29276526","(3, 8)","FamilyWithKids","RandomForest",0.878048780487805
"29284158","(3, 8)","ActiveAdults","RandomForest",0.782608695652174
"29304039","(3, 8)","ActiveAdults","RandomForest",0.72
"29313565","(1, 2)","FamilyWithKids","RandomForest",0.71875
"29321769","(1, 2)","FamilyWithKids","RandomForest",0.78125
"29337923","(3, 8)","ActiveAdults","RandomForest",1
"29347236","(3, 8)","FamilyWithKids","RandomForest",0.735294117647059
"29365545","(1, 2)","FamilyWithKids","RandomForest",0.9375
"29380088","(3, 8)","FamilyWithKids","RandomForest",0.916666666666667
"29406267","(3, 8)","ActiveAdults","RandomForest",0.615384615384615
"29416697","(3, 8)","FamilyWithKids","RandomForest",1
"29430523","(1, 2)","FamilyWithKids","RandomForest",0
"29453248","(3, 8)","FamilyWithKids","RandomForest",0.692307692307692
"29468396","(1, 2)","ActiveAdults","RandomForest",0.6875
"29468484","(3, 8)","ActiveAdults","RandomForest",0.75
"29480655","(1, 2)","FamilyWithKids","RandomForest",0.916666666666667
"34567526","(1, 2)","ActiveAdults","RandomForest",0.761904761904762
"34571275","(3, 8)","ActiveAdults","RandomForest",0.761904761904762
"34586076","(1, 2)","ActiveAdults","RandomForest",0.909090909090909
"34586106","(1, 2)","FamilyWithKids","RandomForest",1
"34610793","(1, 2)","ActiveAdults","RandomForest",0.764705882352941
"34614938","(1, 2)","ActiveAdults","RandomForest",0.6
"34640970","(1, 2)","ActiveAdults","RandomForest",0.909090909090909
"34641300","(1, 2)","FamilyWithKids","RandomForest",0.791666666666667
"34725020","(3, 8)","FamilyWithKids","RandomForest",1
"34732848","(3, 8)","ActiveAdults","RandomForest",0.571428571428571
"34761632","(1, 2)","FamilyWithKids","RandomForest",0.758620689655172
"34764938","(3, 8)","FamilyWithKids","RandomForest",0.793103448275862
"34765018","(3, 8)","FamilyWithKids","RandomForest",0.863636363636364
"34775748","(1, 2)","ActiveAdults","RandomForest",0.545454545454545
"34800212","(3, 8)","FamilyWithKids","RandomForest",0.91304347826087
"34811172","(1, 2)","FamilyWithKids","RandomForest",1
"34813125","(1, 2)","FamilyWithKids","RandomForest",0.901960784313726
"34829163","(1, 2)","FamilyWithKids","RandomForest",0.810810810810811
"34849271","(3, 8)","ActiveAdults","RandomForest",0
"34869011","(3, 8)","FamilyWithKids","RandomForest",0.909090909090909
"34880990","(1, 2)","ActiveAdults","RandomForest",0.82051282051282
"34900016","(3, 8)","FamilyWithKids","RandomForest",0.851851851851852
"34921742","(3, 8)","ActiveAdults","RandomForest",0.5
"34925450","(1, 2)","ActiveAdults","RandomForest",0.714285714285714
"34939564","(3, 8)","FamilyWithKids","RandomForest",0.84375
"34946074","(1, 2)","FamilyWithKids","RandomForest",1
"34950147","(3, 8)","ActiveAdults","RandomForest",0.848484848484849
"34959503","(1, 2)","ActiveAdults","RandomForest",0.958333333333333
"34983607","(3, 8)","ActiveAdults","RandomForest",0.863636363636364
"34992565","(3, 8)","ActiveAdults","RandomForest",0.75
"35005435","(1, 2)","ActiveAdults","RandomForest",0.45
"35006354","(1, 2)","FamilyWithKids","RandomForest",0.96969696969697
"35019444","(1, 2)","FamilyWithKids","RandomForest",0
"35027402","(1, 2)","ActiveAdults","RandomForest",0.88235294117647
"35032328","(3, 8)","ActiveAdults","RandomForest",0.80952380952381
"35094713","(3, 8)","ActiveAdults","RandomForest",0.857142857142857
"35101316","(3, 8)","ActiveAdults","RandomForest",1
"35103099","(1, 2)","ActiveAdults","RandomForest",0.5
"35122644","(3, 8)","ActiveAdults","RandomForest",0.861111111111111
"35132468","(1, 2)","ActiveAdults","RandomForest",0.653846153846154
"35136756","(1, 2)","FamilyWithKids","RandomForest",0.777777777777778
"35140443","(3, 8)","ActiveAdults","RandomForest",0.85
"35142649","(3, 8)","FamilyWithKids","RandomForest",0.836065573770492
"35185758","(3, 8)","ActiveAdults","RandomForest",0.588235294117647
"35203400","(1, 2)","FamilyWithKids","RandomForest",0.8125
"35231900","(1, 2)","ActiveAdults","RandomForest",0.416666666666667
"35232883","(3, 8)","ActiveAdults","RandomForest",0
"35238063","(1, 2)","FamilyWithKids","RandomForest",1
"35255400","(1, 2)","FamilyWithKids","RandomForest",0.545454545454545
"35268006","(1, 2)","FamilyWithKids","RandomForest",0.970588235294118
"35300245","(1, 2)","FamilyWithKids","RandomForest",0.707317073170732
"35300600","(1, 2)","FamilyWithKids","RandomForest",0
"35302000","(1, 2)","FamilyWithKids","RandomForest",0.884615384615385
"35329337","(3, 8)","FamilyWithKids","RandomForest",0.222222222222222
"39589733","(1, 2)","ActiveAdults","RandomForest",0.818181818181818
"39592340","(3, 8)","ActiveAdults","RandomForest",0.777777777777778
"39630514","(1, 2)","ActiveAdults","RandomForest",0.777777777777778
"39633120","(1, 2)","FamilyWithKids","RandomForest",0.807692307692308
"39661494","(3, 8)","FamilyWithKids","RandomForest",0.814814814814815
"39674683","(3, 8)","ActiveAdults","RandomForest",0.9
"39680217","(1, 2)","ActiveAdults","RandomForest",0.866666666666667
"39733671","(3, 8)","ActiveAdults","RandomForest",0.727272727272727
"39736627","(3, 8)","FamilyWithKids","RandomForest",0.421052631578947
"39741603","(3, 8)","FamilyWithKids","RandomForest",0.851851851851852
"39748303","(1, 2)","FamilyWithKids","RandomForest",0.833333333333333
"39756194","(3, 8)","FamilyWithKids","RandomForest",0.838709677419355
"39776678","(1, 2)","FamilyWithKids","RandomForest",0.909090909090909
"39808384","(3, 8)","ActiveAdults","RandomForest",0.5
"39820803","(3, 8)","ActiveAdults","RandomForest",0
"39823522","(1, 2)","ActiveAdults","RandomForest",0.529411764705882
"39824254","(1, 2)","ActiveAdults","RandomForest",0.8
"39847892","(3, 8)","FamilyWithKids","RandomForest",0.823529411764706
"39848592","(3, 8)","ActiveAdults","RandomForest",0.818181818181818
"39850588","(3, 8)","FamilyWithKids","RandomForest",0.933333333333333
"39854202","(3, 8)","ActiveAdults","RandomForest",0
"39858422","(1, 2)","ActiveAdults","RandomForest",0.833333333333333
"39860814","(3, 8)","FamilyWithKids","RandomForest",0.804878048780488
"39936339","(1, 2)","FamilyWithKids","RandomForest",1
"39973308","(1, 2)","ActiveAdults","RandomForest",0.8
"39977619","(3, 8)","FamilyWithKids","RandomForest",0.727272727272727
"39981995","(3, 8)","FamilyWithKids","RandomForest",0.444444444444444
"39994483","(3, 8)","FamilyWithKids","RandomForest",1
"39999611","(3, 8)","ActiveAdults","RandomForest",1
"40022328","(3, 8)","ActiveAdults","RandomForest",0.888888888888889
"40023054","(3, 8)","FamilyWithKids","RandomForest",0.896551724137931
"40053636","(1, 2)","ActiveAdults","RandomForest",0.733333333333333
"40070326","(1, 2)","FamilyWithKids","RandomForest",0.93939393939394
"40084053","(1, 2)","FamilyWithKids","RandomForest",0.692307692307692
"40097852","(3, 8)","ActiveAdults","RandomForest",0.84
"40108582","(3, 8)","ActiveAdults","RandomForest",0
"40169462","(3, 8)","ActiveAdults","RandomForest",0.625
"40182046","(3, 8)","FamilyWithKids","RandomForest",0.735294117647059
"40196046","(3, 8)","ActiveAdults","RandomForest",0
"40215452","(1, 2)","FamilyWithKids","RandomForest",0.645161290322581
"40223973","(3, 8)","FamilyWithKids","RandomForest",0.880952380952381
"40226426","(1, 2)","ActiveAdults","RandomForest",0.76
"40232464","(1, 2)","ActiveAdults","RandomForest",0.307692307692308
"40232955","(1, 2)","ActiveAdults","RandomForest",0.966666666666667
"40248047","(1, 2)","FamilyWithKids","RandomForest",0.774193548387097
"40254248","(1, 2)","ActiveAdults","RandomForest",0.65
"40270915","(3, 8)","FamilyWithKids","RandomForest",0.896551724137931
"40288817","(3, 8)","ActiveAdults","RandomForest",0.461538461538462
"40292044","(1, 2)","ActiveAdults","RandomForest",0.65625
"40304196","(1, 2)","FamilyWithKids","RandomForest",0.733333333333333
"40308501","(3, 8)","FamilyWithKids","RandomForest",0.88
"40326822","(3, 8)","ActiveAdults","RandomForest",0.545454545454545
"40347802","(3, 8)","FamilyWithKids","RandomForest",0.555555555555556
"40348254","(1, 2)","FamilyWithKids","RandomForest",0.868421052631579
"40350785","(1, 2)","FamilyWithKids","RandomForest",0.75
"50282366","(3, 8)","ActiveAdults","RandomForest",1
"50514112","(3, 8)","FamilyWithKids","RandomForest",0
"50728612","(3, 8)","ActiveAdults","RandomForest",0.833333333333333
"50745069","(3, 8)","FamilyWithKids","RandomForest",0
"50800943","(1, 2)","FamilyWithKids","RandomForest",0.875
"50836946","(3, 8)","ActiveAdults","RandomForest",1
"50849946","(1, 2)","ActiveAdults","RandomForest",0
"50967359","(3, 8)","FamilyWithKids","RandomForest",0.75
"51078948","(3, 8)","ActiveAdults","RandomForest",0.736842105263158
"51101589","(1, 2)","FamilyWithKids","RandomForest",0.75
"51136114","(3, 8)","ActiveAdults","RandomForest",0.838709677419355
"51136225","(1, 2)","FamilyWithKids","RandomForest",0
"51274788","(3, 8)","ActiveAdults","RandomForest",0.8
"51327660","(3, 8)","FamilyWithKids","RandomForest",1
"51349560","(1, 2)","ActiveAdults","RandomForest",0.742857142857143
"51376374","(1, 2)","FamilyWithKids","RandomForest",0.957446808510638
"51480876","(3, 8)","ActiveAdults","RandomForest",0.538461538461538
"53499938","(3, 8)","ActiveAdults","RandomForest",0.761904761904762
"53814005","(1, 2)","FamilyWithKids","RandomForest",0.862068965517241
"54246765","(3, 8)","ActiveAdults","RandomForest",0.666666666666667
"54706275","(3, 8)","FamilyWithKids","RandomForest",0.709677419354839
"55031571","(3, 8)","FamilyWithKids","RandomForest",0.875
"58104487","(1, 2)","ActiveAdults","RandomForest",0.745762711864407
"58112970","(1, 2)","ActiveAdults","RandomForest",0.75
"58113416","(3, 8)","FamilyWithKids","RandomForest",0.84
"58139794","(3, 8)","FamilyWithKids","RandomForest",1
"58149188","(1, 2)","FamilyWithKids","RandomForest",0.95
"58156906","(3, 8)","ActiveAdults","RandomForest",0.863636363636364
"58156989","(1, 2)","ActiveAdults","RandomForest",0.916666666666667
"58157344","(3, 8)","ActiveAdults","RandomForest",0.807692307692308
"58158708","(3, 8)","FamilyWithKids","RandomForest",0.952380952380952
"58160608","(3, 8)","ActiveAdults","RandomForest",0.84
"58180839","(3, 8)","ActiveAdults","RandomForest",0.823529411764706
"58186213","(1, 2)","ActiveAdults","RandomForest",0.714285714285714
"58192769","(3, 8)","FamilyWithKids","RandomForest",0
"58196114","(1, 2)","ActiveAdults","RandomForest",0.615384615384615
"58196507","(3, 8)","FamilyWithKids","RandomForest",0.708333333333333
"58208210","(1, 2)","ActiveAdults","RandomForest",0.962962962962963
"58226070","(1, 2)","FamilyWithKids","RandomForest",0.7
"58226234","(3, 8)","ActiveAdults","RandomForest",1
"58228524","(3, 8)","FamilyWithKids","RandomForest",0.290322580645161
"58270167","(3, 8)","FamilyWithKids","RandomForest",0
"58277118","(3, 8)","ActiveAdults","RandomForest",0.933333333333333
"58277624","(1, 2)","FamilyWithKids","RandomForest",0.55
"58283898","(1, 2)","FamilyWithKids","RandomForest",0.647058823529412
"58284638","(3, 8)","FamilyWithKids","RandomForest",0.375
"58302844","(3, 8)","ActiveAdults","RandomForest",0.821428571428571
"58316009","(1, 2)","ActiveAdults","RandomForest",0.714285714285714
"58316652","(3, 8)","ActiveAdults","RandomForest",0.608695652173913
"58329048","(3, 8)","FamilyWithKids","RandomForest",0.805555555555556
"58332519","(1, 2)","FamilyWithKids","RandomForest",1
"58344588","(1, 2)","FamilyWithKids","RandomForest",0.928571428571429
"58356243","(3, 8)","FamilyWithKids","RandomForest",0.875
"58360541","(3, 8)","FamilyWithKids","RandomForest",0.975
"58367546","(1, 2)","FamilyWithKids","RandomForest",0.722222222222222
"58367725","(3, 8)","FamilyWithKids","RandomForest",0.777777777777778
"58375677","(3, 8)","ActiveAdults","RandomForest",0
"58383372","(1, 2)","ActiveAdults","RandomForest",0.833333333333333
"58385128","(1, 2)","FamilyWithKids","RandomForest",0.902439024390244
"58388130","(1, 2)","ActiveAdults","RandomForest",0.85
"58388694","(1, 2)","ActiveAdults","RandomForest",0.75
"58392459","(1, 2)","ActiveAdults","RandomForest",0
"58407838","(1, 2)","FamilyWithKids","RandomForest",1
"58416269","(3, 8)","ActiveAdults","RandomForest",0
"58441256","(1, 2)","FamilyWithKids","RandomForest",0.85
"58447894","(1, 2)","ActiveAdults","RandomForest",0.571428571428571
"58455302","(1, 2)","FamilyWithKids","RandomForest",0.833333333333333
"58459782","(1, 2)","ActiveAdults","RandomForest",0.846153846153846
"58475510","(3, 8)","ActiveAdults","RandomForest",0.935483870967742
"58480922","(1, 2)","ActiveAdults","RandomForest",0.777777777777778
"58495505","(1, 2)","FamilyWithKids","RandomForest",0.857142857142857
"58496620","(1, 2)","ActiveAdults","RandomForest",0
"58508502","(3, 8)","FamilyWithKids","RandomForest",0.739130434782609
"58513193","(1, 2)","ActiveAdults","RandomForest",0.857142857142857
"58516324","(1, 2)","FamilyWithKids","RandomForest",0.744186046511628
"58523802","(1, 2)","ActiveAdults","RandomForest",0.818181818181818
"58524204","(1, 2)","FamilyWithKids","RandomForest",0.8
"59670237","(1, 2)","FamilyWithKids","RandomForest",0.696969696969697
"59682382","(3, 8)","FamilyWithKids","RandomForest",0.730769230769231
"59687794","(1, 2)","FamilyWithKids","RandomForest",0.96969696969697
"59699781","(3, 8)","ActiveAdults","RandomForest",0.88
"59702734","(1, 2)","ActiveAdults","RandomForest",0.727272727272727
"59712747","(3, 8)","FamilyWithKids","RandomForest",0.869565217391304
"59728494","(3, 8)","FamilyWithKids","RandomForest",0.852941176470588
"59729184","(1, 2)","FamilyWithKids","RandomForest",0.777777777777778
"59739148","(3, 8)","FamilyWithKids","RandomForest",0.861111111111111
"59760632","(3, 8)","FamilyWithKids","RandomForest",0.733333333333333
"59768083","(3, 8)","FamilyWithKids","RandomForest",0.763636363636364
"59778528","(1, 2)","FamilyWithKids","RandomForest",0.851851851851852
"59779125","(1, 2)","FamilyWithKids","RandomForest",0.909090909090909
"59779535","(3, 8)","ActiveAdults","RandomForest",0
"59782362","(3, 8)","FamilyWithKids","RandomForest",0.865384615384615
"59806333","(1, 2)","FamilyWithKids","RandomForest",0.68421052631579
"59817860","(1, 2)","ActiveAdults","RandomForest",0.80952380952381
"59839642","(1, 2)","ActiveAdults","RandomForest",0.833333333333333
"59844166","(3, 8)","ActiveAdults","RandomForest",0.625
"59847659","(3, 8)","FamilyWithKids","RandomForest",0.8
"59852517","(3, 8)","FamilyWithKids","RandomForest",0.795454545454545
"59884707","(1, 2)","FamilyWithKids","RandomForest",0.571428571428571
"59891701","(1, 2)","ActiveAdults","RandomForest",0.911111111111111
"59897913","(3, 8)","FamilyWithKids","RandomForest",0
"59920428","(3, 8)","ActiveAdults","RandomForest",1
"59924568","(3, 8)","FamilyWithKids","RandomForest",0.777777777777778
"59925221","(1, 2)","ActiveAdults","RandomForest",0.875
"59955036","(1, 2)","ActiveAdults","RandomForest",0.909090909090909
"59956735","(1, 2)","ActiveAdults","RandomForest",0.8
"59965372","(1, 2)","FamilyWithKids","RandomForest",0.791666666666667
"59965529","(1, 2)","ActiveAdults","RandomForest",0.923076923076923
"59967820","(3, 8)","ActiveAdults","RandomForest",0.853658536585366
"59976140","(3, 8)","ActiveAdults","RandomForest",0.945945945945946
"59981970","(1, 2)","FamilyWithKids","RandomForest",0.916666666666667
"59986777","(3, 8)","FamilyWithKids","RandomForest",1
"59989188","(1, 2)","ActiveAdults","RandomForest",0.925925925925926
"59998127","(3, 8)","ActiveAdults","RandomForest",0.454545454545454
"60007334","(1, 2)","FamilyWithKids","RandomForest",0
"60012661","(3, 8)","ActiveAdults","RandomForest",0.90625
"60017117","(1, 2)","FamilyWithKids","RandomForest",0.807692307692308
"60573496","(1, 2)","FamilyWithKids","RandomForest",0.846153846153846
"60922670","(1, 2)","ActiveAdults","RandomForest",0.777777777777778
"61416621","(1, 2)","FamilyWithKids","RandomForest",0.666666666666667
"62735475","(1, 2)","ActiveAdults","RandomForest",0.714285714285714
"62768564","(3, 8)","FamilyWithKids","RandomForest",0.96551724137931
"62813306","(3, 8)","FamilyWithKids","RandomForest",0.91304347826087
"62874679","(3, 8)","ActiveAdults","RandomForest",0.888888888888889
"63151674","(1, 2)","ActiveAdults","RandomForest",0.727272727272727
"63397481","(3, 8)","FamilyWithKids","RandomForest",0.954545454545455
"65720584","(1, 2)","ActiveAdults","RandomForest",0.741935483870968
"66104531","(3, 8)","FamilyWithKids","RandomForest",0.928571428571429
"66630660","(3, 8)","FamilyWithKids","RandomForest",0.909090909090909
"66695274","(3, 8)","FamilyWithKids","RandomForest",0.777777777777778
"66761145","(3, 8)","ActiveAdults","RandomForest",0
"66775915","(3, 8)","ActiveAdults","RandomForest",0.666666666666667
"66871006","(3, 8)","FamilyWithKids","RandomForest",0.789473684210526
"66881061","(1, 2)","FamilyWithKids","RandomForest",0.837209302325581
"66889077","(1, 2)","FamilyWithKids","RandomForest",0
"66898004","(3, 8)","FamilyWithKids","RandomForest",0.9375
"66964628","(3, 8)","ActiveAdults","RandomForest",0.769230769230769
"66979231","(1, 2)","FamilyWithKids","RandomForest",0.833333333333333
"67059108","(3, 8)","ActiveAdults","RandomForest",0.875
"67108875","(3, 8)","ActiveAdults","RandomForest",0.666666666666667
"67146581","(1, 2)","ActiveAdults","RandomForest",0.333333333333333
"67321986","(1, 2)","FamilyWithKids","RandomForest",1
"69159403","(3, 8)","ActiveAdults","RandomForest",0.869565217391304
"69219956","(3, 8)","ActiveAdults","RandomForest",0.625
"69474696","(1, 2)","FamilyWithKids","RandomForest",0.875
"69726411","(1, 2)","ActiveAdults","RandomForest",0
"70799511","(1, 2)","ActiveAdults","RandomForest",0.916666666666667
"71229353","(1, 2)","ActiveAdults","RandomForest",1
"71475037","(3, 8)","FamilyWithKids","RandomForest",0.764705882352941
"71493852","(1, 2)","FamilyWithKids","RandomForest",0
"71501592","(1, 2)","ActiveAdults","RandomForest",0
"71506017","(1, 2)","ActiveAdults","RandomForest",0
"71524187","(3, 8)","FamilyWithKids","RandomForest",0.777777777777778
"71543400","(3, 8)","FamilyWithKids","RandomForest",0.666666666666667
"71561002","(3, 8)","ActiveAdults","RandomForest",0
"72941082","(3, 8)","FamilyWithKids","RandomForest",0.730769230769231
"72974206","(3, 8)","FamilyWithKids","RandomForest",0.833333333333333
"75691228","(3, 8)","FamilyWithKids","RandomForest",0.844444444444444
"75936022","(1, 2)","ActiveAdults","RandomForest",0.714285714285714
"75985833","(3, 8)","ActiveAdults","RandomForest",1
"76016359","(3, 8)","FamilyWithKids","RandomForest",0.666666666666667
"76415707","(1, 2)","ActiveAdults","RandomForest",0.428571428571429
"77579570","(3, 8)","FamilyWithKids","RandomForest",0.857142857142857
"77675855","(3, 8)","FamilyWithKids","RandomForest",0.75
"77826003","(1, 2)","ActiveAdults","RandomForest",0.9
"77836267","(3, 8)","ActiveAdults","RandomForest",0.5
"78120804","(3, 8)","ActiveAdults","RandomForest",0.90625
"78142110","(3, 8)","FamilyWithKids","RandomForest",0.533333333333333
"78590280","(3, 8)","FamilyWithKids","RandomForest",0.647058823529412
"79540099","(1, 2)","ActiveAdults","RandomForest",0.666666666666667
"79547988","(3, 8)","ActiveAdults","RandomForest",1
"79553779","(1, 2)","FamilyWithKids","RandomForest",0.846153846153846
"79565264","(1, 2)","FamilyWithKids","RandomForest",0.930232558139535
"79579977","(1, 2)","FamilyWithKids","RandomForest",0.863636363636364
"79600241","(1, 2)","FamilyWithKids","RandomForest",0.954545454545455
"79616479","(1, 2)","FamilyWithKids","RandomForest",0.75
"79624842","(3, 8)","FamilyWithKids","RandomForest",0.857142857142857
"79628652","(1, 2)","FamilyWithKids","RandomForest",0.733333333333333
"79638979","(3, 8)","ActiveAdults","RandomForest",0.5625
"79640490","(1, 2)","ActiveAdults","RandomForest",1
"79644159","(3, 8)","FamilyWithKids","RandomForest",0.2
"79644549","(1, 2)","ActiveAdults","RandomForest",0.75
"79645625","(1, 2)","FamilyWithKids","RandomForest",0
"79651680","(3, 8)","ActiveAdults","RandomForest",0.444444444444444
"80165689","(1, 2)","ActiveAdults","RandomForest",0.75
"80171891","(3, 8)","FamilyWithKids","RandomForest",0.973684210526316
"80175572","(1, 2)","ActiveAdults","RandomForest",0.714285714285714
"80186376","(1, 2)","FamilyWithKids","RandomForest",0.866666666666667
"80194920","(3, 8)","ActiveAdults","RandomForest",0.2
"80202170","(1, 2)","ActiveAdults","RandomForest",0.9
"80202552","(3, 8)","FamilyWithKids","RandomForest",0.825
"80220912","(3, 8)","ActiveAdults","RandomForest",0
"80232412","(1, 2)","ActiveAdults","RandomForest",1
"80239063","(1, 2)","ActiveAdults","RandomForest",0.964285714285714
"80239180","(1, 2)","FamilyWithKids","RandomForest",0.958333333333333
"80249066","(1, 2)","ActiveAdults","RandomForest",1
"80323953","(3, 8)","FamilyWithKids","RandomForest",0.25
"80328203","(3, 8)","ActiveAdults","RandomForest",0.869565217391304
"80328404","(1, 2)","ActiveAdults","RandomForest",1
"80339337","(1, 2)","ActiveAdults","RandomForest",0.571428571428571
"80354647","(3, 8)","FamilyWithKids","RandomForest",0.93939393939394
"80356295","(1, 2)","FamilyWithKids","RandomForest",0.8
"80357713","(1, 2)","ActiveAdults","RandomForest",0.714285714285714
"80360482","(3, 8)","FamilyWithKids","RandomForest",0.714285714285714
"80362603","(3, 8)","FamilyWithKids","RandomForest",0.793103448275862
"80378375","(3, 8)","ActiveAdults","RandomForest",0.555555555555556
"80387642","(1, 2)","ActiveAdults","RandomForest",0.615384615384615
"80463017","(1, 2)","ActiveAdults","RandomForest",0.857142857142857
"80704590","(1, 2)","ActiveAdults","RandomForest",0.708333333333333
"81548965","(1, 2)","FamilyWithKids","RandomForest",0.80952380952381
"81590621","(1, 2)","ActiveAdults","RandomForest",0.888888888888889
"81622416","(3, 8)","FamilyWithKids","RandomForest",1
"81656321","(3, 8)","ActiveAdults","RandomForest",0.285714285714286
"81667387","(1, 2)","FamilyWithKids","RandomForest",0.25
"82605528","(3, 8)","FamilyWithKids","RandomForest",0.836734693877551
"82786308","(1, 2)","ActiveAdults","RandomForest",0.857142857142857
"82993917","(3, 8)","FamilyWithKids","RandomForest",0.868421052631579
"82995451","(1, 2)","ActiveAdults","RandomForest",0.333333333333333
"83019383","(1, 2)","ActiveAdults","RandomForest",0.864864864864865
"83130588","(1, 2)","ActiveAdults","RandomForest",0.538461538461538
"83282531","(1, 2)","ActiveAdults","RandomForest",0
"83300633","(1, 2)","ActiveAdults","RandomForest",0.787878787878788
"83338190","(3, 8)","FamilyWithKids","RandomForest",0.914285714285714
"83346120","(1, 2)","ActiveAdults","RandomForest",0.5
"83349149","(3, 8)","ActiveAdults","RandomForest",0.6
"83358751","(3, 8)","ActiveAdults","RandomForest",0.894736842105263
"83364178","(1, 2)","ActiveAdults","RandomForest",0.5
"83364844","(1, 2)","ActiveAdults","RandomForest",0.791666666666667
"83364884","(3, 8)","FamilyWithKids","RandomForest",0.608695652173913
"83365219","(3, 8)","ActiveAdults","RandomForest",0.833333333333333
"83372832","(1, 2)","ActiveAdults","RandomForest",0
"83378863","(1, 2)","ActiveAdults","RandomForest",0.925925925925926
"83380901","(1, 2)","ActiveAdults","RandomForest",0.272727272727273
"83382861","(3, 8)","FamilyWithKids","RandomForest",0.9
"83384197","(1, 2)","ActiveAdults","RandomForest",0.538461538461538
"83393777","(3, 8)","ActiveAdults","RandomForest",0
"83395000","(3, 8)","FamilyWithKids","RandomForest",0.857142857142857
"83400043","(1, 2)","ActiveAdults","RandomForest",0.8
"83400941","(1, 2)","ActiveAdults","RandomForest",0.8
"83401156","(3, 8)","FamilyWithKids","RandomForest",0.777777777777778
"83401618","(1, 2)","ActiveAdults","RandomForest",0.794871794871795
"83401731","(1, 2)","ActiveAdults","RandomForest",0.909090909090909
"83408558","(3, 8)","ActiveAdults","RandomForest",0.714285714285714
"83413734","(3, 8)","ActiveAdults","RandomForest",0
"83414622","(1, 2)","FamilyWithKids","RandomForest",0.611111111111111
"83425959","(1, 2)","ActiveAdults","RandomForest",0.823529411764706
"83428501","(1, 2)","ActiveAdults","RandomForest",0.8
"83434713","(1, 2)","ActiveAdults","RandomForest",0.857142857142857
"83436203","(3, 8)","ActiveAdults","RandomForest",0.2
"83446050","(1, 2)","ActiveAdults","RandomForest",0
"83461166","(3, 8)","FamilyWithKids","RandomForest",0.892857142857143
"83461665","(3, 8)","FamilyWithKids","RandomForest",0
"83462435","(1, 2)","ActiveAdults","RandomForest",0.8125
"83465494","(3, 8)","ActiveAdults","RandomForest",0
"83490935","(3, 8)","ActiveAdults","RandomForest",0.5
"83513598","(1, 2)","ActiveAdults","RandomForest",0.777777777777778
"83518781","(3, 8)","FamilyWithKids","RandomForest",1
"83521436","(1, 2)","ActiveAdults","RandomForest",0.62962962962963
"83522448","(3, 8)","ActiveAdults","RandomForest",0.8
"83526677","(3, 8)","FamilyWithKids","RandomForest",0.941176470588235
"83530334","(3, 8)","ActiveAdults","RandomForest",0.375
"83535649","(3, 8)","ActiveAdults","RandomForest",1
"83559746","(1, 2)","ActiveAdults","RandomForest",0.9375
"83563372","(1, 2)","FamilyWithKids","RandomForest",0.769230769230769
"83576584","(3, 8)","ActiveAdults","RandomForest",0.722222222222222
"83578799","(1, 2)","ActiveAdults","RandomForest",0.818181818181818
"83594599","(1, 2)","ActiveAdults","RandomForest",0.75
"83594729","(1, 2)","FamilyWithKids","RandomForest",0.8
"83597079","(1, 2)","ActiveAdults","RandomForest",1
"83630572","(3, 8)","FamilyWithKids","RandomForest",0.615384615384615
"83655957","(3, 8)","ActiveAdults","RandomForest",1
"83664384","(1, 2)","FamilyWithKids","RandomForest",0.7
"83665040","(1, 2)","FamilyWithKids","RandomForest",0.551724137931034
"83679888","(3, 8)","ActiveAdults","RandomForest",0
"83685018","(1, 2)","ActiveAdults","RandomForest",0.9375
"83690941","(1, 2)","FamilyWithKids","RandomForest",0.95
"83700631","(3, 8)","FamilyWithKids","RandomForest",0
"83704924","(3, 8)","ActiveAdults","RandomForest",0.608695652173913
"83706532","(3, 8)","FamilyWithKids","RandomForest",0.6
"83709440","(1, 2)","ActiveAdults","RandomForest",0.88235294117647
"83719657","(1, 2)","ActiveAdults","RandomForest",0.933333333333333
"83724551","(3, 8)","FamilyWithKids","RandomForest",0.981132075471698
"83727639","(3, 8)","ActiveAdults","RandomForest",0.9
"83731716","(1, 2)","ActiveAdults","RandomForest",0.787234042553192
"83738363","(1, 2)","ActiveAdults","RandomForest",1
"83738446","(3, 8)","ActiveAdults","RandomForest",0.857142857142857
"83753913","(1, 2)","FamilyWithKids","RandomForest",0.930232558139535
"83765317","(3, 8)","FamilyWithKids","RandomForest",0
"83771436","(1, 2)","FamilyWithKids","RandomForest",0.769230769230769
"83771885","(3, 8)","FamilyWithKids","RandomForest",0.923076923076923
"83775304","(1, 2)","ActiveAdults","RandomForest",0.76
"83792313","(3, 8)","FamilyWithKids","RandomForest",0.75
"83794224","(1, 2)","FamilyWithKids","RandomForest",0.851851851851852
"84465474","(3, 8)","FamilyWithKids","RandomForest",0.625
"84500782","(3, 8)","FamilyWithKids","RandomForest",1
"84682115","(1, 2)","ActiveAdults","RandomForest",0.785714285714286
"84760514","(3, 8)","FamilyWithKids","RandomForest",0.833333333333333
"84818244","(3, 8)","ActiveAdults","RandomForest",0
"85304894","(1, 2)","ActiveAdults","RandomForest",0.791666666666667
"86203769","(1, 2)","FamilyWithKids","RandomForest",0.766666666666667
"86652832","(1, 2)","FamilyWithKids","RandomForest",0.833333333333333
"87369444","(3, 8)","FamilyWithKids","RandomForest",0.826086956521739
"87378212","(1, 2)","ActiveAdults","RandomForest",0.4
"87379555","(1, 2)","ActiveAdults","RandomForest",0.793103448275862
"87379801","(1, 2)","ActiveAdults","RandomForest",1
"87384647","(1, 2)","ActiveAdults","RandomForest",0.545454545454545
"87386240","(1, 2)","ActiveAdults","RandomForest",0.846153846153846
"87408632","(3, 8)","ActiveAdults","RandomForest",0
"87415946","(3, 8)","ActiveAdults","RandomForest",0.666666666666667
"87419772","(3, 8)","ActiveAdults","RandomForest",0.9
"87422715","(1, 2)","ActiveAdults","RandomForest",0.958333333333333
"87456189","(1, 2)","ActiveAdults","RandomForest",0.785714285714286
"87462021","(1, 2)","ActiveAdults","RandomForest",0.923076923076923
"87467539","(3, 8)","FamilyWithKids","RandomForest",0.769230769230769
"87471347","(3, 8)","FamilyWithKids","RandomForest",0
"87471817","(1, 2)","FamilyWithKids","RandomForest",0.91304347826087
"87479340","(1, 2)","ActiveAdults","RandomForest",0.897435897435897
"87492114","(1, 2)","ActiveAdults","RandomForest",0.8
"87494218","(3, 8)","FamilyWithKids","RandomForest",1
"87494793","(1, 2)","ActiveAdults","RandomForest",0.5
"87494794","(1, 2)","ActiveAdults","RandomForest",1
"87495170","(1, 2)","ActiveAdults","RandomForest",0.827586206896552
"87499587","(3, 8)","FamilyWithKids","RandomForest",0.805555555555556
"87516024","(3, 8)","ActiveAdults","RandomForest",0.705882352941177
"87531333","(3, 8)","FamilyWithKids","RandomForest",0.142857142857143
"87555786","(1, 2)","ActiveAdults","RandomForest",1
"87560910","(1, 2)","FamilyWithKids","RandomForest",0.796296296296296
"87569905","(3, 8)","ActiveAdults","RandomForest",0.846153846153846
"87589339","(3, 8)","ActiveAdults","RandomForest",0
"87606784","(3, 8)","FamilyWithKids","RandomForest",0
"87610270","(3, 8)","ActiveAdults","RandomForest",0.8
"87611427","(1, 2)","ActiveAdults","RandomForest",0.611111111111111
"87614604","(1, 2)","ActiveAdults","RandomForest",0.95
"87614759","(1, 2)","ActiveAdults","RandomForest",0.75
"87618018","(1, 2)","ActiveAdults","RandomForest",0
"87629398","(3, 8)","ActiveAdults","RandomForest",0.642857142857143
"87630657","(3, 8)","ActiveAdults","RandomForest",0.636363636363636
"87643671","(3, 8)","FamilyWithKids","RandomForest",1
"87647076","(1, 2)","FamilyWithKids","RandomForest",0.7
"87649758","(3, 8)","ActiveAdults","RandomForest",0.631578947368421
"87651017","(3, 8)","ActiveAdults","RandomForest",0.333333333333333
"87677276","(1, 2)","ActiveAdults","RandomForest",0.75
"87679585","(3, 8)","ActiveAdults","RandomForest",0
"87715510","(1, 2)","FamilyWithKids","RandomForest",0.771428571428571
"87715856","(3, 8)","ActiveAdults","RandomForest",0.5
"88093667","(3, 8)","ActiveAdults","RandomForest",0.76
"89428149","(1, 2)","FamilyWithKids","RandomForest",0.666666666666667
"89937892","(1, 2)","ActiveAdults","RandomForest",0.8125
"91325472","(3, 8)","ActiveAdults","RandomForest",0.705882352941177
"91371247","(3, 8)","FamilyWithKids","RandomForest",0.852941176470588
"92115857","(1, 2)","FamilyWithKids","RandomForest",0.5
"92194517","(1, 2)","ActiveAdults","RandomForest",0.88235294117647
"92226870","(1, 2)","FamilyWithKids","RandomForest",0
"92286365","(3, 8)","FamilyWithKids","RandomForest",0.90625
"92297638","(3, 8)","FamilyWithKids","RandomForest",0.795454545454545
"92959381","(3, 8)","ActiveAdults","RandomForest",0.142857142857143
"93879272","(3, 8)","FamilyWithKids","RandomForest",0.666666666666667
"94050482","(1, 2)","ActiveAdults","RandomForest",0.944444444444444
"94173326","(3, 8)","ActiveAdults","RandomForest",0.285714285714286
"94197152","(1, 2)","FamilyWithKids","RandomForest",0.846153846153846
"94365211","(3, 8)","FamilyWithKids","RandomForest",0.888888888888889
"94452889","(3, 8)","ActiveAdults","RandomForest",0.615384615384615
"99619210","(1, 2)","FamilyWithKids","RandomForest",0.608695652173913
"99790629","(1, 2)","FamilyWithKids","RandomForest",0.777777777777778
"99922113","(1, 2)","FamilyWithKids","RandomForest",0.735294117647059
"100184276","(1, 2)","FamilyWithKids","RandomForest",0.9
"100225690","(1, 2)","FamilyWithKids","RandomForest",0.633333333333333
"100226549","(1, 2)","FamilyWithKids","RandomForest",0.925925925925926
"100545759","(1, 2)","FamilyWithKids","RandomForest",0.578947368421053
"102457504","(3, 8)","ActiveAdults","RandomForest",0
"102693642","(1, 2)","ActiveAdults","RandomForest",0
"102752599","(3, 8)","ActiveAdults","RandomForest",0
"102809096","(3, 8)","ActiveAdults","RandomForest",0.894736842105263
"102941524","(3, 8)","ActiveAdults","RandomForest",0.75
"102967863","(3, 8)","ActiveAdults","RandomForest",0.263157894736842
"103130132","(3, 8)","FamilyWithKids","RandomForest",0.966666666666667
"103133585","(1, 2)","ActiveAdults","RandomForest",0.777777777777778
"103134579","(1, 2)","FamilyWithKids","RandomForest",0.794117647058823
"103454720","(3, 8)","ActiveAdults","RandomForest",0.782608695652174
"103497762","(1, 2)","ActiveAdults","RandomForest",0.785714285714286
"104564558","(1, 2)","FamilyWithKids","RandomForest",0.9
"104665451","(3, 8)","FamilyWithKids","RandomForest",0.785714285714286
"107680813","(3, 8)","ActiveAdults","RandomForest",0.777777777777778
"108200318","(3, 8)","ActiveAdults","RandomForest",0.966666666666667
"108243612","(3, 8)","ActiveAdults","RandomForest",0
"110708204","(1, 2)","ActiveAdults","RandomForest",1
"112467482","(1, 2)","FamilyWithKids","RandomForest",0.625
"125228790","(3, 8)","ActiveAdults","RandomForest",1
"128398028","(1, 2)","FamilyWithKids","RandomForest",0
"129693269","(3, 8)","ActiveAdults","RandomForest",0.888888888888889
"130366108","(3, 8)","FamilyWithKids","RandomForest",0.956521739130435
