"Customer","FamilyMembers","Lifestage","Model","f1"
"37912","(3, 8)","FamilyWithKids","Baseline",0.31578947368421
"179359","(3, 8)","FamilyWithKids","Baseline",0.444444444444444
"295501","(3, 8)","FamilyWithKids","Baseline",0
"396634","(3, 8)","FamilyWithKids","Baseline",0
"423754","(3, 8)","ActiveAdults","Baseline",0.555555555555556
"457300","(3, 8)","FamilyWithKids","Baseline",0.25
"681704","(3, 8)","FamilyWithKids","Baseline",0.2
"682808","(3, 8)","FamilyWithKids","Baseline",0.547619047619048
"731884","(1, 2)","FamilyWithKids","Baseline",0
"1051535","(3, 8)","ActiveAdults","Baseline",0.454545454545454
"1072151","(3, 8)","FamilyWithKids","Baseline",0
"1119779","(3, 8)","ActiveAdults","Baseline",0.666666666666667
"1133209","(1, 2)","FamilyWithKids","Baseline",0.72
"1515228","(3, 8)","FamilyWithKids","Baseline",0.452830188679245
"1593868","(3, 8)","ActiveAdults","Baseline",0.333333333333333
"1610551","(3, 8)","ActiveAdults","Baseline",0.571428571428571
"1881021","(3, 8)","ActiveAdults","Baseline",0
"1916490","(3, 8)","FamilyWithKids","Baseline",0.5625
"1965318","(3, 8)","ActiveAdults","Baseline",0.415094339622642
"1981739","(3, 8)","FamilyWithKids","Baseline",0.242424242424242
"2003984","(3, 8)","FamilyWithKids","Baseline",0.472727272727273
"2010692","(3, 8)","ActiveAdults","Baseline",0.666666666666667
"2021880","(1, 2)","FamilyWithKids","Baseline",0.530612244897959
"2109697","(3, 8)","FamilyWithKids","Baseline",0.258064516129032
"2129104","(3, 8)","FamilyWithKids","Baseline",0.521739130434783
"2381096","(1, 2)","FamilyWithKids","Baseline",0.5
"2455268","(3, 8)","FamilyWithKids","Baseline",0.358974358974359
"2523041","(3, 8)","FamilyWithKids","Baseline",0.32
"2659406","(1, 2)","ActiveAdults","Baseline",0.421052631578947
"2789797","(3, 8)","ActiveAdults","Baseline",0.514285714285714
"2849286","(1, 2)","ActiveAdults","Baseline",0.46875
"2887859","(1, 2)","FamilyWithKids","Baseline",0.206896551724138
"2890028","(3, 8)","FamilyWithKids","Baseline",0.357142857142857
"2903695","(3, 8)","ActiveAdults","Baseline",0.0952380952380952
"2945756","(3, 8)","FamilyWithKids","Baseline",0.521739130434783
"3065245","(3, 8)","FamilyWithKids","Baseline",0.666666666666667
"3083880","(1, 2)","FamilyWithKids","Baseline",0.222222222222222
"3117308","(3, 8)","ActiveAdults","Baseline",0
"3194088","(1, 2)","FamilyWithKids","Baseline",0.545454545454545
"3418370","(3, 8)","ActiveAdults","Baseline",0.37037037037037
"3454725","(1, 2)","ActiveAdults","Baseline",0.541666666666667
"3472112","(1, 2)","FamilyWithKids","Baseline",0.368421052631579
"3475678","(3, 8)","ActiveAdults","Baseline",0.303030303030303
"3590850","(1, 2)","FamilyWithKids","Baseline",0.226415094339623
"3611317","(3, 8)","ActiveAdults","Baseline",0.133333333333333
"3700492","(3, 8)","FamilyWithKids","Baseline",0
"4081943","(3, 8)","ActiveAdults","Baseline",0.35
"4092679","(3, 8)","FamilyWithKids","Baseline",0.259259259259259
"4095466","(3, 8)","ActiveAdults","Baseline",0.434782608695652
"4210887","(1, 2)","FamilyWithKids","Baseline",0
"4252015","(1, 2)","ActiveAdults","Baseline",0.461538461538462
"4360222","(3, 8)","FamilyWithKids","Baseline",0.285714285714286
"4458410","(3, 8)","FamilyWithKids","Baseline",0.535714285714286
"4502544","(3, 8)","FamilyWithKids","Baseline",0.5
"4688795","(3, 8)","ActiveAdults","Baseline",0.52
"4820245","(3, 8)","FamilyWithKids","Baseline",0.592592592592593
"5055905","(3, 8)","FamilyWithKids","Baseline",0.542857142857143
"5070212","(1, 2)","FamilyWithKids","Baseline",0.6
"5079193","(3, 8)","FamilyWithKids","Baseline",0.333333333333333
"5090378","(3, 8)","ActiveAdults","Baseline",0.333333333333333
"5230429","(3, 8)","FamilyWithKids","Baseline",0.727272727272727
"5349257","(3, 8)","ActiveAdults","Baseline",0.533333333333333
"5486230","(3, 8)","ActiveAdults","Baseline",0.421052631578947
"5518229","(1, 2)","FamilyWithKids","Baseline",0.340425531914894
"5828081","(3, 8)","FamilyWithKids","Baseline",0.296296296296296
"5834654","(3, 8)","FamilyWithKids","Baseline",0.406779661016949
"5837307","(3, 8)","ActiveAdults","Baseline",0.111111111111111
"5900481","(1, 2)","FamilyWithKids","Baseline",0.46875
"5926514","(1, 2)","ActiveAdults","Baseline",0.56
"5932760","(3, 8)","ActiveAdults","Baseline",0
"5962226","(1, 2)","FamilyWithKids","Baseline",0.0833333333333333
"6164386","(1, 2)","FamilyWithKids","Baseline",0.571428571428571
"6227527","(3, 8)","ActiveAdults","Baseline",0
"6244357","(3, 8)","FamilyWithKids","Baseline",0.434782608695652
"6347907","(3, 8)","FamilyWithKids","Baseline",0.384615384615385
"6554495","(3, 8)","ActiveAdults","Baseline",0.64
"6589303","(3, 8)","FamilyWithKids","Baseline",0.285714285714286
"6625496","(3, 8)","FamilyWithKids","Baseline",0
"6645683","(1, 2)","ActiveAdults","Baseline",0.4
"6867147","(3, 8)","FamilyWithKids","Baseline",0.32
"6946384","(1, 2)","FamilyWithKids","Baseline",0.626865671641791
"7117945","(3, 8)","ActiveAdults","Baseline",0.16
"7125823","(1, 2)","FamilyWithKids","Baseline",0.375
"7152560","(1, 2)","FamilyWithKids","Baseline",0.516129032258065
"7193509","(3, 8)","FamilyWithKids","Baseline",0.521739130434783
"7248545","(3, 8)","ActiveAdults","Baseline",0.4
"7395471","(3, 8)","FamilyWithKids","Baseline",0.32
"7754367","(1, 2)","ActiveAdults","Baseline",0.347826086956522
"7774258","(3, 8)","ActiveAdults","Baseline",0.294117647058824
"7923839","(1, 2)","ActiveAdults","Baseline",0.5
"7943400","(3, 8)","FamilyWithKids","Baseline",0.470588235294118
"7954243","(3, 8)","ActiveAdults","Baseline",0.666666666666667
"8063255","(1, 2)","ActiveAdults","Baseline",0.222222222222222
"8128139","(1, 2)","FamilyWithKids","Baseline",0.491803278688525
"8233719","(3, 8)","FamilyWithKids","Baseline",0.111111111111111
"8406386","(1, 2)","FamilyWithKids","Baseline",0.411764705882353
"8587555","(3, 8)","FamilyWithKids","Baseline",0.24390243902439
"8607458","(3, 8)","FamilyWithKids","Baseline",0.235294117647059
"8615531","(1, 2)","FamilyWithKids","Baseline",0.0833333333333333
"8736972","(1, 2)","FamilyWithKids","Baseline",0.5
"9007266","(3, 8)","FamilyWithKids","Baseline",0.468085106382979
"9059566","(3, 8)","FamilyWithKids","Baseline",0.2
"9139989","(3, 8)","FamilyWithKids","Baseline",0.488888888888889
"9155436","(3, 8)","FamilyWithKids","Baseline",0
"9274130","(3, 8)","FamilyWithKids","Baseline",0.333333333333333
"9279821","(3, 8)","ActiveAdults","Baseline",0.64
"9298060","(3, 8)","ActiveAdults","Baseline",0.579710144927536
"9303140","(1, 2)","ActiveAdults","Baseline",0.488888888888889
"9335132","(1, 2)","FamilyWithKids","Baseline",0.375
"9354586","(3, 8)","FamilyWithKids","Baseline",0.210526315789474
"9482519","(1, 2)","FamilyWithKids","Baseline",0.555555555555556
"9493177","(3, 8)","FamilyWithKids","Baseline",0.666666666666667
"9529316","(1, 2)","ActiveAdults","Baseline",0.529411764705882
"9574087","(3, 8)","FamilyWithKids","Baseline",0.3
"9749751","(1, 2)","FamilyWithKids","Baseline",0.620689655172414
"9758155","(3, 8)","ActiveAdults","Baseline",0.524590163934426
"9805405","(1, 2)","ActiveAdults","Baseline",0.333333333333333
"9832521","(1, 2)","ActiveAdults","Baseline",0.424242424242424
"9842261","(3, 8)","FamilyWithKids","Baseline",0.424242424242424
"10105631","(1, 2)","FamilyWithKids","Baseline",0.228571428571429
"10139080","(3, 8)","FamilyWithKids","Baseline",0.363636363636364
"10257405","(3, 8)","ActiveAdults","Baseline",0.363636363636364
"10532324","(3, 8)","FamilyWithKids","Baseline",0.31578947368421
"10640319","(1, 2)","ActiveAdults","Baseline",0.28169014084507
"10801631","(3, 8)","ActiveAdults","Baseline",0.19047619047619
"10894040","(1, 2)","ActiveAdults","Baseline",0.5
"10894888","(3, 8)","ActiveAdults","Baseline",0.272727272727273
"10900743","(1, 2)","ActiveAdults","Baseline",0.2
"10911303","(3, 8)","FamilyWithKids","Baseline",0.651685393258427
"10925652","(3, 8)","ActiveAdults","Baseline",0.324324324324324
"11172871","(3, 8)","FamilyWithKids","Baseline",0.465116279069767
"11257237","(1, 2)","ActiveAdults","Baseline",0.681318681318681
"11627871","(3, 8)","FamilyWithKids","Baseline",0.266666666666667
"11729338","(3, 8)","FamilyWithKids","Baseline",0.583333333333333
"11779601","(3, 8)","FamilyWithKids","Baseline",0.485714285714286
"11852324","(3, 8)","ActiveAdults","Baseline",0.476190476190476
"11912555","(1, 2)","FamilyWithKids","Baseline",0.292682926829268
"12078622","(1, 2)","FamilyWithKids","Baseline",0.509803921568628
"12120644","(1, 2)","FamilyWithKids","Baseline",0.646464646464647
"12167956","(3, 8)","ActiveAdults","Baseline",0.592592592592593
"12177802","(1, 2)","ActiveAdults","Baseline",0.472727272727273
"12223508","(3, 8)","FamilyWithKids","Baseline",0.413793103448276
"12237973","(3, 8)","ActiveAdults","Baseline",0.566037735849057
"12257542","(3, 8)","FamilyWithKids","Baseline",0
"12276650","(3, 8)","ActiveAdults","Baseline",0.516129032258065
"12504304","(1, 2)","ActiveAdults","Baseline",0.222222222222222
"12515785","(3, 8)","FamilyWithKids","Baseline",0.619718309859155
"12845306","(3, 8)","FamilyWithKids","Baseline",0.352941176470588
"12871209","(3, 8)","FamilyWithKids","Baseline",0.341463414634146
"12962537","(1, 2)","ActiveAdults","Baseline",0.357142857142857
"12980036","(3, 8)","ActiveAdults","Baseline",0.448979591836735
"12980061","(1, 2)","FamilyWithKids","Baseline",0.0833333333333333
"13025896","(3, 8)","ActiveAdults","Baseline",0.41025641025641
"13031606","(1, 2)","FamilyWithKids","Baseline",0.338983050847458
"13046181","(3, 8)","ActiveAdults","Baseline",0.533333333333333
"13048293","(3, 8)","ActiveAdults","Baseline",0.5
"13070182","(3, 8)","FamilyWithKids","Baseline",0.326530612244898
"13248069","(3, 8)","ActiveAdults","Baseline",0
"13283749","(3, 8)","ActiveAdults","Baseline",0.296296296296296
"13337486","(3, 8)","FamilyWithKids","Baseline",0
"13363691","(1, 2)","ActiveAdults","Baseline",0.5625
"13376772","(1, 2)","FamilyWithKids","Baseline",0.430379746835443
"18885480","(1, 2)","FamilyWithKids","Baseline",0.4
"18893240","(3, 8)","ActiveAdults","Baseline",0.486486486486487
"18910735","(3, 8)","ActiveAdults","Baseline",0.296296296296296
"18915996","(3, 8)","FamilyWithKids","Baseline",0.555555555555556
"18917984","(1, 2)","FamilyWithKids","Baseline",0.5
"18926713","(3, 8)","FamilyWithKids","Baseline",0.25
"18933798","(3, 8)","ActiveAdults","Baseline",0.470588235294118
"18939620","(3, 8)","FamilyWithKids","Baseline",0.5
"18949341","(3, 8)","ActiveAdults","Baseline",0.428571428571429
"18970164","(3, 8)","FamilyWithKids","Baseline",0.521739130434783
"18974058","(3, 8)","FamilyWithKids","Baseline",0.476190476190476
"18979272","(3, 8)","ActiveAdults","Baseline",0.52
"19000317","(3, 8)","FamilyWithKids","Baseline",0.266666666666667
"19006325","(3, 8)","FamilyWithKids","Baseline",0.432432432432432
"19031006","(1, 2)","ActiveAdults","Baseline",0.31578947368421
"19063947","(3, 8)","ActiveAdults","Baseline",0.518518518518519
"19065018","(1, 2)","ActiveAdults","Baseline",0.4
"19081325","(3, 8)","FamilyWithKids","Baseline",0
"19111769","(3, 8)","ActiveAdults","Baseline",0.222222222222222
"19113568","(1, 2)","FamilyWithKids","Baseline",0
"19143595","(1, 2)","FamilyWithKids","Baseline",0.6
"19185625","(1, 2)","FamilyWithKids","Baseline",0.8
"19190685","(1, 2)","FamilyWithKids","Baseline",0
"19204079","(3, 8)","ActiveAdults","Baseline",0
"19210009","(3, 8)","FamilyWithKids","Baseline",0.347826086956522
"19211739","(3, 8)","ActiveAdults","Baseline",0.755102040816327
"19228548","(3, 8)","FamilyWithKids","Baseline",0.466666666666667
"19230069","(1, 2)","ActiveAdults","Baseline",0.193548387096774
"19243178","(3, 8)","FamilyWithKids","Baseline",0
"19262813","(1, 2)","ActiveAdults","Baseline",0.166666666666667
"19274514","(3, 8)","FamilyWithKids","Baseline",0.054054054054054
"19286793","(3, 8)","FamilyWithKids","Baseline",0.173913043478261
"19317441","(3, 8)","FamilyWithKids","Baseline",0.632911392405063
"19337241","(3, 8)","FamilyWithKids","Baseline",0.648648648648649
"19341334","(1, 2)","ActiveAdults","Baseline",0
"19342043","(3, 8)","FamilyWithKids","Baseline",0.355555555555556
"19342312","(1, 2)","FamilyWithKids","Baseline",0.682352941176471
"19361406","(3, 8)","FamilyWithKids","Baseline",0.35
"19383196","(1, 2)","ActiveAdults","Baseline",0.375
"19394771","(1, 2)","FamilyWithKids","Baseline",0.296296296296296
"19398541","(1, 2)","ActiveAdults","Baseline",0
"19437256","(3, 8)","ActiveAdults","Baseline",0.457142857142857
"19441686","(3, 8)","FamilyWithKids","Baseline",0
"19454531","(3, 8)","ActiveAdults","Baseline",0
"19480086","(3, 8)","FamilyWithKids","Baseline",0.476190476190476
"19489701","(3, 8)","ActiveAdults","Baseline",0.576271186440678
"19514535","(1, 2)","FamilyWithKids","Baseline",0.571428571428571
"19523710","(3, 8)","FamilyWithKids","Baseline",0.588235294117647
"19529623","(3, 8)","FamilyWithKids","Baseline",0.4
"19546916","(3, 8)","FamilyWithKids","Baseline",0.217391304347826
"19572027","(3, 8)","FamilyWithKids","Baseline",0.366666666666667
"19575323","(1, 2)","ActiveAdults","Baseline",0.301369863013699
"19575511","(1, 2)","FamilyWithKids","Baseline",0.294117647058824
"19582754","(3, 8)","ActiveAdults","Baseline",0.228571428571429
"19586197","(3, 8)","ActiveAdults","Baseline",0.588235294117647
"19589390","(3, 8)","FamilyWithKids","Baseline",0.3
"19593919","(3, 8)","ActiveAdults","Baseline",0.478260869565217
"19595267","(3, 8)","ActiveAdults","Baseline",0.2
"19620636","(3, 8)","ActiveAdults","Baseline",0.507936507936508
"19633437","(3, 8)","FamilyWithKids","Baseline",0.464285714285714
"19635030","(3, 8)","ActiveAdults","Baseline",0.4
"25527026","(3, 8)","FamilyWithKids","Baseline",0.64935064935065
"25616425","(1, 2)","FamilyWithKids","Baseline",0.666666666666667
"25624350","(3, 8)","FamilyWithKids","Baseline",0.25531914893617
"25797019","(3, 8)","ActiveAdults","Baseline",0.571428571428572
"25819293","(1, 2)","FamilyWithKids","Baseline",0.125
"25879492","(1, 2)","FamilyWithKids","Baseline",0.384615384615385
"25900167","(1, 2)","FamilyWithKids","Baseline",0
"26252886","(1, 2)","ActiveAdults","Baseline",0.222222222222222
"26253630","(3, 8)","ActiveAdults","Baseline",0.444444444444444
"26258025","(3, 8)","ActiveAdults","Baseline",0.133333333333333
"26269376","(3, 8)","ActiveAdults","Baseline",0.56
"26269953","(1, 2)","FamilyWithKids","Baseline",0.227272727272727
"26296755","(1, 2)","ActiveAdults","Baseline",0.285714285714286
"26305411","(1, 2)","FamilyWithKids","Baseline",0.166666666666667
"26306475","(3, 8)","ActiveAdults","Baseline",0.390243902439024
"26322109","(3, 8)","FamilyWithKids","Baseline",0.642857142857143
"26344568","(3, 8)","ActiveAdults","Baseline",0.296296296296296
"26346002","(3, 8)","FamilyWithKids","Baseline",0.5
"26364901","(1, 2)","ActiveAdults","Baseline",0.384615384615385
"26378476","(1, 2)","FamilyWithKids","Baseline",0.481481481481482
"26387868","(1, 2)","FamilyWithKids","Baseline",0.232558139534884
"26390959","(1, 2)","FamilyWithKids","Baseline",0.578947368421053
"26400080","(1, 2)","FamilyWithKids","Baseline",0.444444444444444
"26400246","(1, 2)","FamilyWithKids","Baseline",0
"26402016","(1, 2)","FamilyWithKids","Baseline",0.775
"26460149","(1, 2)","ActiveAdults","Baseline",0.285714285714286
"26475795","(3, 8)","ActiveAdults","Baseline",0.214285714285714
"26489265","(3, 8)","FamilyWithKids","Baseline",0.382978723404255
"26491740","(3, 8)","FamilyWithKids","Baseline",0.444444444444444
"26495222","(3, 8)","FamilyWithKids","Baseline",0.491228070175439
"26502467","(3, 8)","FamilyWithKids","Baseline",0.63013698630137
"26502565","(3, 8)","ActiveAdults","Baseline",0.44
"26513012","(1, 2)","ActiveAdults","Baseline",0.166666666666667
"26513514","(1, 2)","FamilyWithKids","Baseline",0.137931034482759
"26513722","(3, 8)","FamilyWithKids","Baseline",0.195121951219512
"26518495","(3, 8)","FamilyWithKids","Baseline",0.315789473684211
"26518659","(3, 8)","FamilyWithKids","Baseline",0.341463414634146
"26521517","(3, 8)","ActiveAdults","Baseline",0.434782608695652
"26522464","(1, 2)","FamilyWithKids","Baseline",0.524590163934426
"26535189","(3, 8)","FamilyWithKids","Baseline",0.735632183908046
"26544416","(3, 8)","ActiveAdults","Baseline",0
"26569507","(1, 2)","ActiveAdults","Baseline",0.19047619047619
"26578057","(1, 2)","FamilyWithKids","Baseline",0.19047619047619
"26585161","(1, 2)","FamilyWithKids","Baseline",0
"26589462","(1, 2)","ActiveAdults","Baseline",0.627450980392157
"26589534","(1, 2)","ActiveAdults","Baseline",0.416666666666667
"26600478","(1, 2)","ActiveAdults","Baseline",0.571428571428571
"26601946","(3, 8)","ActiveAdults","Baseline",0.578313253012048
"26618701","(3, 8)","ActiveAdults","Baseline",0.32
"29276526","(3, 8)","FamilyWithKids","Baseline",0.65
"29284158","(3, 8)","ActiveAdults","Baseline",0.457142857142857
"29304039","(3, 8)","ActiveAdults","Baseline",0.509090909090909
"29313565","(1, 2)","FamilyWithKids","Baseline",0.406779661016949
"29321769","(1, 2)","FamilyWithKids","Baseline",0.171428571428571
"29337923","(3, 8)","ActiveAdults","Baseline",0
"29347236","(3, 8)","FamilyWithKids","Baseline",0.327272727272727
"29365545","(1, 2)","FamilyWithKids","Baseline",0.458333333333333
"29380088","(3, 8)","FamilyWithKids","Baseline",0.577777777777778
"29406267","(3, 8)","ActiveAdults","Baseline",0.24
"29416697","(3, 8)","FamilyWithKids","Baseline",0.607142857142857
"29430523","(1, 2)","FamilyWithKids","Baseline",0
"29453248","(3, 8)","FamilyWithKids","Baseline",0.193548387096774
"29468396","(1, 2)","ActiveAdults","Baseline",0.266666666666667
"29468484","(3, 8)","ActiveAdults","Baseline",0.125
"29480655","(1, 2)","FamilyWithKids","Baseline",0.491228070175439
"34567526","(1, 2)","ActiveAdults","Baseline",0.307692307692308
"34571275","(3, 8)","ActiveAdults","Baseline",0.307692307692308
"34586076","(1, 2)","ActiveAdults","Baseline",0.551724137931034
"34586106","(1, 2)","FamilyWithKids","Baseline",0.25
"34610793","(1, 2)","ActiveAdults","Baseline",0.588235294117647
"34614938","(1, 2)","ActiveAdults","Baseline",0.222222222222222
"34640970","(1, 2)","ActiveAdults","Baseline",0.56
"34641300","(1, 2)","FamilyWithKids","Baseline",0.468085106382979
"34725020","(3, 8)","FamilyWithKids","Baseline",0.333333333333333
"34732848","(3, 8)","ActiveAdults","Baseline",0.16
"34761632","(1, 2)","FamilyWithKids","Baseline",0.461538461538462
"34764938","(3, 8)","FamilyWithKids","Baseline",0.580645161290323
"34765018","(3, 8)","FamilyWithKids","Baseline",0.535211267605634
"34775748","(1, 2)","ActiveAdults","Baseline",0.125
"34800212","(3, 8)","FamilyWithKids","Baseline",0.619047619047619
"34811172","(1, 2)","FamilyWithKids","Baseline",0
"34813125","(1, 2)","FamilyWithKids","Baseline",0.682926829268293
"34829163","(1, 2)","FamilyWithKids","Baseline",0.581818181818182
"34849271","(3, 8)","ActiveAdults","Baseline",0
"34869011","(3, 8)","FamilyWithKids","Baseline",0.363636363636364
"34880990","(1, 2)","ActiveAdults","Baseline",0.597402597402597
"34900016","(3, 8)","FamilyWithKids","Baseline",0.419354838709677
"34921742","(3, 8)","ActiveAdults","Baseline",0
"34925450","(1, 2)","ActiveAdults","Baseline",0.181818181818182
"34939564","(3, 8)","FamilyWithKids","Baseline",0.626865671641791
"34946074","(1, 2)","FamilyWithKids","Baseline",0.363636363636364
"34950147","(3, 8)","ActiveAdults","Baseline",0.7
"34959503","(1, 2)","ActiveAdults","Baseline",0.491228070175439
"34983607","(3, 8)","ActiveAdults","Baseline",0.585365853658537
"34992565","(3, 8)","ActiveAdults","Baseline",0.391304347826087
"35005435","(1, 2)","ActiveAdults","Baseline",0.41025641025641
"35006354","(1, 2)","FamilyWithKids","Baseline",0.555555555555556
"35019444","(1, 2)","FamilyWithKids","Baseline",0
"35027402","(1, 2)","ActiveAdults","Baseline",0.511627906976744
"35032328","(3, 8)","ActiveAdults","Baseline",0.590909090909091
"35094713","(3, 8)","ActiveAdults","Baseline",0.511627906976744
"35101316","(3, 8)","ActiveAdults","Baseline",0.205128205128205
"35103099","(1, 2)","ActiveAdults","Baseline",0.153846153846154
"35122644","(3, 8)","ActiveAdults","Baseline",0.73015873015873
"35132468","(1, 2)","ActiveAdults","Baseline",0.222222222222222
"35136756","(1, 2)","FamilyWithKids","Baseline",0.5625
"35140443","(3, 8)","ActiveAdults","Baseline",0.461538461538462
"35142649","(3, 8)","FamilyWithKids","Baseline",0.6
"35185758","(3, 8)","ActiveAdults","Baseline",0.275862068965517
"35203400","(1, 2)","FamilyWithKids","Baseline",0.549019607843137
"35231900","(1, 2)","ActiveAdults","Baseline",0.153846153846154
"35232883","(3, 8)","ActiveAdults","Baseline",0
"35238063","(1, 2)","FamilyWithKids","Baseline",0.545454545454546
"35255400","(1, 2)","FamilyWithKids","Baseline",0.2
"35268006","(1, 2)","FamilyWithKids","Baseline",0.646153846153846
"35300245","(1, 2)","FamilyWithKids","Baseline",0.388059701492537
"35300600","(1, 2)","FamilyWithKids","Baseline",0
"35302000","(1, 2)","FamilyWithKids","Baseline",0.303030303030303
"35329337","(3, 8)","FamilyWithKids","Baseline",0.153846153846154
"39589733","(1, 2)","ActiveAdults","Baseline",0.490566037735849
"39592340","(3, 8)","ActiveAdults","Baseline",0.2
"39630514","(1, 2)","ActiveAdults","Baseline",0.666666666666667
"39633120","(1, 2)","FamilyWithKids","Baseline",0.541666666666667
"39661494","(3, 8)","FamilyWithKids","Baseline",0.425531914893617
"39674683","(3, 8)","ActiveAdults","Baseline",0.527777777777778
"39680217","(1, 2)","ActiveAdults","Baseline",0.581818181818182
"39733671","(3, 8)","ActiveAdults","Baseline",0.333333333333333
"39736627","(3, 8)","FamilyWithKids","Baseline",0.368421052631579
"39741603","(3, 8)","FamilyWithKids","Baseline",0.677966101694915
"39748303","(1, 2)","FamilyWithKids","Baseline",0.333333333333333
"39756194","(3, 8)","FamilyWithKids","Baseline",0.490566037735849
"39776678","(1, 2)","FamilyWithKids","Baseline",0.44
"39808384","(3, 8)","ActiveAdults","Baseline",0.153846153846154
"39820803","(3, 8)","ActiveAdults","Baseline",0
"39823522","(1, 2)","ActiveAdults","Baseline",0.142857142857143
"39824254","(1, 2)","ActiveAdults","Baseline",0.333333333333333
"39847892","(3, 8)","FamilyWithKids","Baseline",0.558139534883721
"39848592","(3, 8)","ActiveAdults","Baseline",0.117647058823529
"39850588","(3, 8)","FamilyWithKids","Baseline",0.434782608695652
"39854202","(3, 8)","ActiveAdults","Baseline",0
"39858422","(1, 2)","ActiveAdults","Baseline",0.580645161290323
"39860814","(3, 8)","FamilyWithKids","Baseline",0.0454545454545454
"39936339","(1, 2)","FamilyWithKids","Baseline",0.421052631578947
"39973308","(1, 2)","ActiveAdults","Baseline",0.125
"39977619","(3, 8)","FamilyWithKids","Baseline",0.416666666666667
"39981995","(3, 8)","FamilyWithKids","Baseline",0
"39994483","(3, 8)","FamilyWithKids","Baseline",0.584615384615385
"39999611","(3, 8)","ActiveAdults","Baseline",0.260869565217391
"40022328","(3, 8)","ActiveAdults","Baseline",0.523809523809524
"40023054","(3, 8)","FamilyWithKids","Baseline",0.63768115942029
"40053636","(1, 2)","ActiveAdults","Baseline",0.333333333333333
"40070326","(1, 2)","FamilyWithKids","Baseline",0.575342465753425
"40084053","(1, 2)","FamilyWithKids","Baseline",0.2
"40097852","(3, 8)","ActiveAdults","Baseline",0.4
"40108582","(3, 8)","ActiveAdults","Baseline",0
"40169462","(3, 8)","ActiveAdults","Baseline",0.181818181818182
"40182046","(3, 8)","FamilyWithKids","Baseline",0.54320987654321
"40196046","(3, 8)","ActiveAdults","Baseline",0
"40215452","(1, 2)","FamilyWithKids","Baseline",0.216216216216216
"40223973","(3, 8)","FamilyWithKids","Baseline",0.613333333333333
"40226426","(1, 2)","ActiveAdults","Baseline",0.382978723404255
"40232464","(1, 2)","ActiveAdults","Baseline",0
"40232955","(1, 2)","ActiveAdults","Baseline",0.676923076923077
"40248047","(1, 2)","FamilyWithKids","Baseline",0.524590163934426
"40254248","(1, 2)","ActiveAdults","Baseline",0.266666666666667
"40270915","(3, 8)","FamilyWithKids","Baseline",0.576271186440678
"40288817","(3, 8)","ActiveAdults","Baseline",0.347826086956522
"40292044","(1, 2)","ActiveAdults","Baseline",0.34375
"40304196","(1, 2)","FamilyWithKids","Baseline",0.27906976744186
"40308501","(3, 8)","FamilyWithKids","Baseline",0.515151515151515
"40326822","(3, 8)","ActiveAdults","Baseline",0.235294117647059
"40347802","(3, 8)","FamilyWithKids","Baseline",0.111111111111111
"40348254","(1, 2)","FamilyWithKids","Baseline",0.536585365853659
"40350785","(1, 2)","FamilyWithKids","Baseline",0.290909090909091
"50282366","(3, 8)","ActiveAdults","Baseline",0.538461538461538
"50514112","(3, 8)","FamilyWithKids","Baseline",0
"50728612","(3, 8)","ActiveAdults","Baseline",0.474576271186441
"50745069","(3, 8)","FamilyWithKids","Baseline",0
"50800943","(1, 2)","FamilyWithKids","Baseline",0.421052631578947
"50836946","(3, 8)","ActiveAdults","Baseline",0.685714285714286
"50849946","(1, 2)","ActiveAdults","Baseline",0
"50967359","(3, 8)","FamilyWithKids","Baseline",0.5
"51078948","(3, 8)","ActiveAdults","Baseline",0.285714285714286
"51101589","(1, 2)","FamilyWithKids","Baseline",0.344827586206897
"51136114","(3, 8)","ActiveAdults","Baseline",0.37037037037037
"51136225","(1, 2)","FamilyWithKids","Baseline",0
"51274788","(3, 8)","ActiveAdults","Baseline",0.16
"51327660","(3, 8)","FamilyWithKids","Baseline",0.222222222222222
"51349560","(1, 2)","ActiveAdults","Baseline",0.423076923076923
"51376374","(1, 2)","FamilyWithKids","Baseline",0.72093023255814
"51480876","(3, 8)","ActiveAdults","Baseline",0.25
"53499938","(3, 8)","ActiveAdults","Baseline",0.5
"53814005","(1, 2)","FamilyWithKids","Baseline",0.456140350877193
"54246765","(3, 8)","ActiveAdults","Baseline",0.142857142857143
"54706275","(3, 8)","FamilyWithKids","Baseline",0.37037037037037
"55031571","(3, 8)","FamilyWithKids","Baseline",0.6
"58104487","(1, 2)","ActiveAdults","Baseline",0.463414634146341
"58112970","(1, 2)","ActiveAdults","Baseline",0.518518518518518
"58113416","(3, 8)","FamilyWithKids","Baseline",0.489795918367347
"58139794","(3, 8)","FamilyWithKids","Baseline",0.162162162162162
"58149188","(1, 2)","FamilyWithKids","Baseline",0.294117647058823
"58156906","(3, 8)","ActiveAdults","Baseline",0.52
"58156989","(1, 2)","ActiveAdults","Baseline",0.363636363636364
"58157344","(3, 8)","ActiveAdults","Baseline",0.607142857142857
"58158708","(3, 8)","FamilyWithKids","Baseline",0.523076923076923
"58160608","(3, 8)","ActiveAdults","Baseline",0.242424242424242
"58180839","(3, 8)","ActiveAdults","Baseline",0.411764705882353
"58186213","(1, 2)","ActiveAdults","Baseline",0.333333333333333
"58192769","(3, 8)","FamilyWithKids","Baseline",0
"58196114","(1, 2)","ActiveAdults","Baseline",0.545454545454546
"58196507","(3, 8)","FamilyWithKids","Baseline",0.380952380952381
"58208210","(1, 2)","ActiveAdults","Baseline",0.596491228070176
"58226070","(1, 2)","FamilyWithKids","Baseline",0.0909090909090909
"58226234","(3, 8)","ActiveAdults","Baseline",0.4
"58228524","(3, 8)","FamilyWithKids","Baseline",0
"58270167","(3, 8)","FamilyWithKids","Baseline",0
"58277118","(3, 8)","ActiveAdults","Baseline",0.533333333333333
"58277624","(1, 2)","FamilyWithKids","Baseline",0.129032258064516
"58283898","(1, 2)","FamilyWithKids","Baseline",0
"58284638","(3, 8)","FamilyWithKids","Baseline",0
"58302844","(3, 8)","ActiveAdults","Baseline",0.491803278688525
"58316009","(1, 2)","ActiveAdults","Baseline",0.166666666666667
"58316652","(3, 8)","ActiveAdults","Baseline",0.461538461538462
"58329048","(3, 8)","FamilyWithKids","Baseline",0.391304347826087
"58332519","(1, 2)","FamilyWithKids","Baseline",0.514285714285714
"58344588","(1, 2)","FamilyWithKids","Baseline",0.729411764705882
"58356243","(3, 8)","FamilyWithKids","Baseline",0.545454545454546
"58360541","(3, 8)","FamilyWithKids","Baseline",0.366197183098592
"58367546","(1, 2)","FamilyWithKids","Baseline",0.556962025316456
"58367725","(3, 8)","FamilyWithKids","Baseline",0.484848484848485
"58375677","(3, 8)","ActiveAdults","Baseline",0
"58383372","(1, 2)","ActiveAdults","Baseline",0.564102564102564
"58385128","(1, 2)","FamilyWithKids","Baseline",0.515151515151515
"58388130","(1, 2)","ActiveAdults","Baseline",0.48780487804878
"58388694","(1, 2)","ActiveAdults","Baseline",0.166666666666667
"58392459","(1, 2)","ActiveAdults","Baseline",0
"58407838","(1, 2)","FamilyWithKids","Baseline",0.576271186440678
"58416269","(3, 8)","ActiveAdults","Baseline",0
"58441256","(1, 2)","FamilyWithKids","Baseline",0.413793103448276
"58447894","(1, 2)","ActiveAdults","Baseline",0.3125
"58455302","(1, 2)","FamilyWithKids","Baseline",0.5
"58459782","(1, 2)","ActiveAdults","Baseline",0.545454545454545
"58475510","(3, 8)","ActiveAdults","Baseline",0.607594936708861
"58480922","(1, 2)","ActiveAdults","Baseline",0
"58495505","(1, 2)","FamilyWithKids","Baseline",0.482758620689655
"58496620","(1, 2)","ActiveAdults","Baseline",0
"58508502","(3, 8)","FamilyWithKids","Baseline",0.392156862745098
"58513193","(1, 2)","ActiveAdults","Baseline",0.35
"58516324","(1, 2)","FamilyWithKids","Baseline",0.434782608695652
"58523802","(1, 2)","ActiveAdults","Baseline",0.636363636363636
"58524204","(1, 2)","FamilyWithKids","Baseline",0.358974358974359
"59670237","(1, 2)","FamilyWithKids","Baseline",0.25
"59682382","(3, 8)","FamilyWithKids","Baseline",0.545454545454545
"59687794","(1, 2)","FamilyWithKids","Baseline",0.628571428571429
"59699781","(3, 8)","ActiveAdults","Baseline",0.439024390243902
"59702734","(1, 2)","ActiveAdults","Baseline",0.230769230769231
"59712747","(3, 8)","FamilyWithKids","Baseline",0.521739130434783
"59728494","(3, 8)","FamilyWithKids","Baseline",0.391304347826087
"59729184","(1, 2)","FamilyWithKids","Baseline",0.41025641025641
"59739148","(3, 8)","FamilyWithKids","Baseline",0.548387096774194
"59760632","(3, 8)","FamilyWithKids","Baseline",0.32
"59768083","(3, 8)","FamilyWithKids","Baseline",0.525
"59778528","(1, 2)","FamilyWithKids","Baseline",0.571428571428571
"59779125","(1, 2)","FamilyWithKids","Baseline",0.610169491525424
"59779535","(3, 8)","ActiveAdults","Baseline",0
"59782362","(3, 8)","FamilyWithKids","Baseline",0.597701149425287
"59806333","(1, 2)","FamilyWithKids","Baseline",0.588235294117647
"59817860","(1, 2)","ActiveAdults","Baseline",0.536585365853658
"59839642","(1, 2)","ActiveAdults","Baseline",0.444444444444444
"59844166","(3, 8)","ActiveAdults","Baseline",0.307692307692308
"59847659","(3, 8)","FamilyWithKids","Baseline",0.264150943396226
"59852517","(3, 8)","FamilyWithKids","Baseline",0.51948051948052
"59884707","(1, 2)","FamilyWithKids","Baseline",0.153846153846154
"59891701","(1, 2)","ActiveAdults","Baseline",0.682926829268293
"59897913","(3, 8)","FamilyWithKids","Baseline",0
"59920428","(3, 8)","ActiveAdults","Baseline",0.666666666666667
"59924568","(3, 8)","FamilyWithKids","Baseline",0.428571428571429
"59925221","(1, 2)","ActiveAdults","Baseline",0.491228070175439
"59955036","(1, 2)","ActiveAdults","Baseline",0.711111111111111
"59956735","(1, 2)","ActiveAdults","Baseline",0.19047619047619
"59965372","(1, 2)","FamilyWithKids","Baseline",0.491228070175439
"59965529","(1, 2)","ActiveAdults","Baseline",0.615384615384616
"59967820","(3, 8)","ActiveAdults","Baseline",0.681818181818182
"59976140","(3, 8)","ActiveAdults","Baseline",0.701298701298701
"59981970","(1, 2)","FamilyWithKids","Baseline",0.296296296296296
"59986777","(3, 8)","FamilyWithKids","Baseline",0.111111111111111
"59989188","(1, 2)","ActiveAdults","Baseline",0.5
"59998127","(3, 8)","ActiveAdults","Baseline",0.555555555555556
"60007334","(1, 2)","FamilyWithKids","Baseline",0
"60012661","(3, 8)","ActiveAdults","Baseline",0.444444444444444
"60017117","(1, 2)","FamilyWithKids","Baseline",0.228571428571429
"60573496","(1, 2)","FamilyWithKids","Baseline",0.457142857142857
"60922670","(1, 2)","ActiveAdults","Baseline",0.444444444444444
"61416621","(1, 2)","FamilyWithKids","Baseline",0.3125
"62735475","(1, 2)","ActiveAdults","Baseline",0.444444444444444
"62768564","(3, 8)","FamilyWithKids","Baseline",0.64406779661017
"62813306","(3, 8)","FamilyWithKids","Baseline",0.651162790697674
"62874679","(3, 8)","ActiveAdults","Baseline",0.344827586206897
"63151674","(1, 2)","ActiveAdults","Baseline",0.434782608695652
"63397481","(3, 8)","FamilyWithKids","Baseline",0.466666666666667
"65720584","(1, 2)","ActiveAdults","Baseline",0.347826086956522
"66104531","(3, 8)","FamilyWithKids","Baseline",0.416666666666667
"66630660","(3, 8)","FamilyWithKids","Baseline",0.37037037037037
"66695274","(3, 8)","FamilyWithKids","Baseline",0.378378378378378
"66761145","(3, 8)","ActiveAdults","Baseline",0
"66775915","(3, 8)","ActiveAdults","Baseline",0.384615384615385
"66871006","(3, 8)","FamilyWithKids","Baseline",0.31578947368421
"66881061","(1, 2)","FamilyWithKids","Baseline",0.571428571428571
"66889077","(1, 2)","FamilyWithKids","Baseline",0
"66898004","(3, 8)","FamilyWithKids","Baseline",0.551724137931034
"66964628","(3, 8)","ActiveAdults","Baseline",0.292682926829268
"66979231","(1, 2)","FamilyWithKids","Baseline",0.25
"67059108","(3, 8)","ActiveAdults","Baseline",0.391304347826087
"67108875","(3, 8)","ActiveAdults","Baseline",0.1875
"67146581","(1, 2)","ActiveAdults","Baseline",0.181818181818182
"67321986","(1, 2)","FamilyWithKids","Baseline",0.41025641025641
"69159403","(3, 8)","ActiveAdults","Baseline",0.48780487804878
"69219956","(3, 8)","ActiveAdults","Baseline",0.285714285714286
"69474696","(1, 2)","FamilyWithKids","Baseline",0.352941176470588
"69726411","(1, 2)","ActiveAdults","Baseline",0
"70799511","(1, 2)","ActiveAdults","Baseline",0.461538461538462
"71229353","(1, 2)","ActiveAdults","Baseline",0.558139534883721
"71475037","(3, 8)","FamilyWithKids","Baseline",0.416666666666667
"71493852","(1, 2)","FamilyWithKids","Baseline",0
"71501592","(1, 2)","ActiveAdults","Baseline",0
"71506017","(1, 2)","ActiveAdults","Baseline",0
"71524187","(3, 8)","FamilyWithKids","Baseline",0
"71543400","(3, 8)","FamilyWithKids","Baseline",0.5
"71561002","(3, 8)","ActiveAdults","Baseline",0
"72941082","(3, 8)","FamilyWithKids","Baseline",0.549019607843137
"72974206","(3, 8)","FamilyWithKids","Baseline",0.421052631578947
"75691228","(3, 8)","FamilyWithKids","Baseline",0.617283950617284
"75936022","(1, 2)","ActiveAdults","Baseline",0.0606060606060606
"75985833","(3, 8)","ActiveAdults","Baseline",0.478260869565217
"76016359","(3, 8)","FamilyWithKids","Baseline",0.294117647058824
"76415707","(1, 2)","ActiveAdults","Baseline",0
"77579570","(3, 8)","FamilyWithKids","Baseline",0.434782608695652
"77675855","(3, 8)","FamilyWithKids","Baseline",0.31578947368421
"77826003","(1, 2)","ActiveAdults","Baseline",0.631578947368421
"77836267","(3, 8)","ActiveAdults","Baseline",0.142857142857143
"78120804","(3, 8)","ActiveAdults","Baseline",0.584615384615385
"78142110","(3, 8)","FamilyWithKids","Baseline",0.277777777777778
"78590280","(3, 8)","FamilyWithKids","Baseline",0.47887323943662
"79540099","(1, 2)","ActiveAdults","Baseline",0.230769230769231
"79547988","(3, 8)","ActiveAdults","Baseline",0.633333333333333
"79553779","(1, 2)","FamilyWithKids","Baseline",0.416666666666667
"79565264","(1, 2)","FamilyWithKids","Baseline",0.666666666666667
"79579977","(1, 2)","FamilyWithKids","Baseline",0.5
"79600241","(1, 2)","FamilyWithKids","Baseline",0.607142857142857
"79616479","(1, 2)","FamilyWithKids","Baseline",0.488888888888889
"79624842","(3, 8)","FamilyWithKids","Baseline",0.166666666666667
"79628652","(1, 2)","FamilyWithKids","Baseline",0.416666666666667
"79638979","(3, 8)","ActiveAdults","Baseline",0.347826086956522
"79640490","(1, 2)","ActiveAdults","Baseline",0.53125
"79644159","(3, 8)","FamilyWithKids","Baseline",0
"79644549","(1, 2)","ActiveAdults","Baseline",0
"79645625","(1, 2)","FamilyWithKids","Baseline",0
"79651680","(3, 8)","ActiveAdults","Baseline",0.0952380952380952
"80165689","(1, 2)","ActiveAdults","Baseline",0.333333333333333
"80171891","(3, 8)","FamilyWithKids","Baseline",0.648648648648649
"80175572","(1, 2)","ActiveAdults","Baseline",0.611111111111111
"80186376","(1, 2)","FamilyWithKids","Baseline",0.275862068965517
"80194920","(3, 8)","ActiveAdults","Baseline",0
"80202170","(1, 2)","ActiveAdults","Baseline",0.222222222222222
"80202552","(3, 8)","FamilyWithKids","Baseline",0.558823529411765
"80220912","(3, 8)","ActiveAdults","Baseline",0
"80232412","(1, 2)","ActiveAdults","Baseline",0
"80239063","(1, 2)","ActiveAdults","Baseline",0.711864406779661
"80239180","(1, 2)","FamilyWithKids","Baseline",0.535714285714286
"80249066","(1, 2)","ActiveAdults","Baseline",0.210526315789474
"80323953","(3, 8)","FamilyWithKids","Baseline",0.333333333333333
"80328203","(3, 8)","ActiveAdults","Baseline",0.303030303030303
"80328404","(1, 2)","ActiveAdults","Baseline",0.153846153846154
"80339337","(1, 2)","ActiveAdults","Baseline",0.133333333333333
"80354647","(3, 8)","FamilyWithKids","Baseline",0.542857142857143
"80356295","(1, 2)","FamilyWithKids","Baseline",0
"80357713","(1, 2)","ActiveAdults","Baseline",0.324324324324324
"80360482","(3, 8)","FamilyWithKids","Baseline",0.27027027027027
"80362603","(3, 8)","FamilyWithKids","Baseline",0.548387096774194
"80378375","(3, 8)","ActiveAdults","Baseline",0.5
"80387642","(1, 2)","ActiveAdults","Baseline",0.222222222222222
"80463017","(1, 2)","ActiveAdults","Baseline",0.434782608695652
"80704590","(1, 2)","ActiveAdults","Baseline",0.41025641025641
"81548965","(1, 2)","FamilyWithKids","Baseline",0.333333333333333
"81590621","(1, 2)","ActiveAdults","Baseline",0.358974358974359
"81622416","(3, 8)","FamilyWithKids","Baseline",0.235294117647059
"81656321","(3, 8)","ActiveAdults","Baseline",0.235294117647059
"81667387","(1, 2)","FamilyWithKids","Baseline",0
"82605528","(3, 8)","FamilyWithKids","Baseline",0.564102564102564
"82786308","(1, 2)","ActiveAdults","Baseline",0.16
"82993917","(3, 8)","FamilyWithKids","Baseline",0.379310344827586
"82995451","(1, 2)","ActiveAdults","Baseline",0
"83019383","(1, 2)","ActiveAdults","Baseline",0.59016393442623
"83130588","(1, 2)","ActiveAdults","Baseline",0.461538461538462
"83282531","(1, 2)","ActiveAdults","Baseline",0
"83300633","(1, 2)","ActiveAdults","Baseline",0.571428571428571
"83338190","(3, 8)","FamilyWithKids","Baseline",0.623376623376623
"83346120","(1, 2)","ActiveAdults","Baseline",0.285714285714286
"83349149","(3, 8)","ActiveAdults","Baseline",0
"83358751","(3, 8)","ActiveAdults","Baseline",0.636363636363636
"83364178","(1, 2)","ActiveAdults","Baseline",0.4
"83364844","(1, 2)","ActiveAdults","Baseline",0.52
"83364884","(3, 8)","FamilyWithKids","Baseline",0.409090909090909
"83365219","(3, 8)","ActiveAdults","Baseline",0.32
"83372832","(1, 2)","ActiveAdults","Baseline",0
"83378863","(1, 2)","ActiveAdults","Baseline",0.666666666666667
"83380901","(1, 2)","ActiveAdults","Baseline",0
"83382861","(3, 8)","FamilyWithKids","Baseline",0.54054054054054
"83384197","(1, 2)","ActiveAdults","Baseline",0.0952380952380952
"83393777","(3, 8)","ActiveAdults","Baseline",0
"83395000","(3, 8)","FamilyWithKids","Baseline",0.545454545454545
"83400043","(1, 2)","ActiveAdults","Baseline",0.596491228070175
"83400941","(1, 2)","ActiveAdults","Baseline",0.285714285714286
"83401156","(3, 8)","FamilyWithKids","Baseline",0.5625
"83401618","(1, 2)","ActiveAdults","Baseline",0.456140350877193
"83401731","(1, 2)","ActiveAdults","Baseline",0.416666666666667
"83408558","(3, 8)","ActiveAdults","Baseline",0.133333333333333
"83413734","(3, 8)","ActiveAdults","Baseline",0
"83414622","(1, 2)","FamilyWithKids","Baseline",0.387096774193548
"83425959","(1, 2)","ActiveAdults","Baseline",0.526315789473684
"83428501","(1, 2)","ActiveAdults","Baseline",0.580645161290323
"83434713","(1, 2)","ActiveAdults","Baseline",0.342857142857143
"83436203","(3, 8)","ActiveAdults","Baseline",0
"83446050","(1, 2)","ActiveAdults","Baseline",0
"83461166","(3, 8)","FamilyWithKids","Baseline",0.516129032258065
"83461665","(3, 8)","FamilyWithKids","Baseline",0
"83462435","(1, 2)","ActiveAdults","Baseline",0.509090909090909
"83465494","(3, 8)","ActiveAdults","Baseline",0
"83490935","(3, 8)","ActiveAdults","Baseline",0.111111111111111
"83513598","(1, 2)","ActiveAdults","Baseline",0
"83518781","(3, 8)","FamilyWithKids","Baseline",0.666666666666667
"83521436","(1, 2)","ActiveAdults","Baseline",0.1875
"83522448","(3, 8)","ActiveAdults","Baseline",0.459016393442623
"83526677","(3, 8)","FamilyWithKids","Baseline",0.375
"83530334","(3, 8)","ActiveAdults","Baseline",0
"83535649","(3, 8)","ActiveAdults","Baseline",0.153846153846154
"83559746","(1, 2)","ActiveAdults","Baseline",0.424242424242424
"83563372","(1, 2)","FamilyWithKids","Baseline",0.2
"83576584","(3, 8)","ActiveAdults","Baseline",0.4
"83578799","(1, 2)","ActiveAdults","Baseline",0.387096774193548
"83594599","(1, 2)","ActiveAdults","Baseline",0.439024390243902
"83594729","(1, 2)","FamilyWithKids","Baseline",0.4
"83597079","(1, 2)","ActiveAdults","Baseline",0.333333333333333
"83630572","(3, 8)","FamilyWithKids","Baseline",0.418604651162791
"83655957","(3, 8)","ActiveAdults","Baseline",0.461538461538462
"83664384","(1, 2)","FamilyWithKids","Baseline",0.444444444444444
"83665040","(1, 2)","FamilyWithKids","Baseline",0.382978723404255
"83679888","(3, 8)","ActiveAdults","Baseline",0
"83685018","(1, 2)","ActiveAdults","Baseline",0.157894736842105
"83690941","(1, 2)","FamilyWithKids","Baseline",0.45
"83700631","(3, 8)","FamilyWithKids","Baseline",0
"83704924","(3, 8)","ActiveAdults","Baseline",0.392156862745098
"83706532","(3, 8)","FamilyWithKids","Baseline",0.235294117647059
"83709440","(1, 2)","ActiveAdults","Baseline",0.607594936708861
"83719657","(1, 2)","ActiveAdults","Baseline",0.585365853658537
"83724551","(3, 8)","FamilyWithKids","Baseline",0.776699029126214
"83727639","(3, 8)","ActiveAdults","Baseline",0.538461538461538
"83731716","(1, 2)","ActiveAdults","Baseline",0.39344262295082
"83738363","(1, 2)","ActiveAdults","Baseline",0
"83738446","(3, 8)","ActiveAdults","Baseline",0.117647058823529
"83753913","(1, 2)","FamilyWithKids","Baseline",0.630434782608696
"83765317","(3, 8)","FamilyWithKids","Baseline",0
"83771436","(1, 2)","FamilyWithKids","Baseline",0.347826086956522
"83771885","(3, 8)","FamilyWithKids","Baseline",0.459016393442623
"83775304","(1, 2)","ActiveAdults","Baseline",0
"83792313","(3, 8)","FamilyWithKids","Baseline",0.0666666666666667
"83794224","(1, 2)","FamilyWithKids","Baseline",0.439024390243902
"84465474","(3, 8)","FamilyWithKids","Baseline",0.1875
"84500782","(3, 8)","FamilyWithKids","Baseline",0.142857142857143
"84682115","(1, 2)","ActiveAdults","Baseline",0.344827586206897
"84760514","(3, 8)","FamilyWithKids","Baseline",0.415094339622641
"84818244","(3, 8)","ActiveAdults","Baseline",0
"85304894","(1, 2)","ActiveAdults","Baseline",0.55
"86203769","(1, 2)","FamilyWithKids","Baseline",0.340425531914894
"86652832","(1, 2)","FamilyWithKids","Baseline",0.6
"87369444","(3, 8)","FamilyWithKids","Baseline",0.56
"87378212","(1, 2)","ActiveAdults","Baseline",0
"87379555","(1, 2)","ActiveAdults","Baseline",0.307692307692308
"87379801","(1, 2)","ActiveAdults","Baseline",0
"87384647","(1, 2)","ActiveAdults","Baseline",0.296296296296296
"87386240","(1, 2)","ActiveAdults","Baseline",0.692307692307692
"87408632","(3, 8)","ActiveAdults","Baseline",0
"87415946","(3, 8)","ActiveAdults","Baseline",0
"87419772","(3, 8)","ActiveAdults","Baseline",0.444444444444444
"87422715","(1, 2)","ActiveAdults","Baseline",0.340425531914894
"87456189","(1, 2)","ActiveAdults","Baseline",0.620689655172414
"87462021","(1, 2)","ActiveAdults","Baseline",0.461538461538462
"87467539","(3, 8)","FamilyWithKids","Baseline",0.375
"87471347","(3, 8)","FamilyWithKids","Baseline",0
"87471817","(1, 2)","FamilyWithKids","Baseline",0.651162790697674
"87479340","(1, 2)","ActiveAdults","Baseline",0.578947368421053
"87492114","(1, 2)","ActiveAdults","Baseline",0.222222222222222
"87494218","(3, 8)","FamilyWithKids","Baseline",0
"87494793","(1, 2)","ActiveAdults","Baseline",0.142857142857143
"87494794","(1, 2)","ActiveAdults","Baseline",0.620689655172414
"87495170","(1, 2)","ActiveAdults","Baseline",0.566666666666667
"87499587","(3, 8)","FamilyWithKids","Baseline",0.606060606060606
"87516024","(3, 8)","ActiveAdults","Baseline",0.333333333333333
"87531333","(3, 8)","FamilyWithKids","Baseline",0.2
"87555786","(1, 2)","ActiveAdults","Baseline",0.25
"87560910","(1, 2)","FamilyWithKids","Baseline",0.356164383561644
"87569905","(3, 8)","ActiveAdults","Baseline",0.117647058823529
"87589339","(3, 8)","ActiveAdults","Baseline",0
"87606784","(3, 8)","FamilyWithKids","Baseline",0
"87610270","(3, 8)","ActiveAdults","Baseline",0.32
"87611427","(1, 2)","ActiveAdults","Baseline",0.451612903225806
"87614604","(1, 2)","ActiveAdults","Baseline",0.434782608695652
"87614759","(1, 2)","ActiveAdults","Baseline",0
"87618018","(1, 2)","ActiveAdults","Baseline",0
"87629398","(3, 8)","ActiveAdults","Baseline",0.266666666666667
"87630657","(3, 8)","ActiveAdults","Baseline",0.266666666666667
"87643671","(3, 8)","FamilyWithKids","Baseline",0
"87647076","(1, 2)","FamilyWithKids","Baseline",0.133333333333333
"87649758","(3, 8)","ActiveAdults","Baseline",0.25
"87651017","(3, 8)","ActiveAdults","Baseline",0
"87677276","(1, 2)","ActiveAdults","Baseline",0.4
"87679585","(3, 8)","ActiveAdults","Baseline",0
"87715510","(1, 2)","FamilyWithKids","Baseline",0.584615384615385
"87715856","(3, 8)","ActiveAdults","Baseline",0.0555555555555556
"88093667","(3, 8)","ActiveAdults","Baseline",0.419354838709677
"89428149","(1, 2)","FamilyWithKids","Baseline",0.260869565217391
"89937892","(1, 2)","ActiveAdults","Baseline",0.285714285714286
"91325472","(3, 8)","ActiveAdults","Baseline",0.372093023255814
"91371247","(3, 8)","FamilyWithKids","Baseline",0.646153846153846
"92115857","(1, 2)","FamilyWithKids","Baseline",0.210526315789474
"92194517","(1, 2)","ActiveAdults","Baseline",0.473684210526316
"92226870","(1, 2)","FamilyWithKids","Baseline",0.222222222222222
"92286365","(3, 8)","FamilyWithKids","Baseline",0.558823529411765
"92297638","(3, 8)","FamilyWithKids","Baseline",0.55421686746988
"92959381","(3, 8)","ActiveAdults","Baseline",0
"93879272","(3, 8)","FamilyWithKids","Baseline",0.19047619047619
"94050482","(1, 2)","ActiveAdults","Baseline",0.285714285714286
"94173326","(3, 8)","ActiveAdults","Baseline",0.111111111111111
"94197152","(1, 2)","FamilyWithKids","Baseline",0.325581395348837
"94365211","(3, 8)","FamilyWithKids","Baseline",0.5
"94452889","(3, 8)","ActiveAdults","Baseline",0.294117647058823
"99619210","(1, 2)","FamilyWithKids","Baseline",0.133333333333333
"99790629","(1, 2)","FamilyWithKids","Baseline",0.214285714285714
"99922113","(1, 2)","FamilyWithKids","Baseline",0.476190476190476
"100184276","(1, 2)","FamilyWithKids","Baseline",0.415094339622642
"100225690","(1, 2)","FamilyWithKids","Baseline",0.588235294117647
"100226549","(1, 2)","FamilyWithKids","Baseline",0.691588785046729
"100545759","(1, 2)","FamilyWithKids","Baseline",0.384615384615385
"102457504","(3, 8)","ActiveAdults","Baseline",0
"102693642","(1, 2)","ActiveAdults","Baseline",0
"102752599","(3, 8)","ActiveAdults","Baseline",0
"102809096","(3, 8)","ActiveAdults","Baseline",0.473684210526316
"102941524","(3, 8)","ActiveAdults","Baseline",0.421052631578947
"102967863","(3, 8)","ActiveAdults","Baseline",0.1
"103130132","(3, 8)","FamilyWithKids","Baseline",0.711864406779661
"103133585","(1, 2)","ActiveAdults","Baseline",0.60377358490566
"103134579","(1, 2)","FamilyWithKids","Baseline",0.492753623188406
"103454720","(3, 8)","ActiveAdults","Baseline",0.448979591836735
"103497762","(1, 2)","ActiveAdults","Baseline",0.5
"104564558","(1, 2)","FamilyWithKids","Baseline",0.48
"104665451","(3, 8)","FamilyWithKids","Baseline",0.428571428571429
"107680813","(3, 8)","ActiveAdults","Baseline",0.421052631578947
"108200318","(3, 8)","ActiveAdults","Baseline",0.676923076923077
"108243612","(3, 8)","ActiveAdults","Baseline",0
"110708204","(1, 2)","ActiveAdults","Baseline",0.352941176470588
"112467482","(1, 2)","FamilyWithKids","Baseline",0.444444444444444
"125228790","(3, 8)","ActiveAdults","Baseline",0.125
"128398028","(1, 2)","FamilyWithKids","Baseline",0
"129693269","(3, 8)","ActiveAdults","Baseline",0.142857142857143
"130366108","(3, 8)","FamilyWithKids","Baseline",0.303030303030303
"37912","(3, 8)","FamilyWithKids","RandomForest",0.291666666666667
"179359","(3, 8)","FamilyWithKids","RandomForest",0.376811594202899
"295501","(3, 8)","FamilyWithKids","RandomForest",0.0816326530612245
"396634","(3, 8)","FamilyWithKids","RandomForest",0.372093023255814
"423754","(3, 8)","ActiveAdults","RandomForest",0.531914893617021
"457300","(3, 8)","FamilyWithKids","RandomForest",0.631578947368421
"681704","(3, 8)","FamilyWithKids","RandomForest",0.196078431372549
"682808","(3, 8)","FamilyWithKids","RandomForest",0.6
"731884","(1, 2)","FamilyWithKids","RandomForest",0
"1051535","(3, 8)","ActiveAdults","RandomForest",0.277777777777778
"1072151","(3, 8)","FamilyWithKids","RandomForest",0
"1119779","(3, 8)","ActiveAdults","RandomForest",0.470588235294118
"1133209","(1, 2)","FamilyWithKids","RandomForest",0.676923076923077
"1515228","(3, 8)","FamilyWithKids","RandomForest",0.473684210526316
"1593868","(3, 8)","ActiveAdults","RandomForest",0.15
"1610551","(3, 8)","ActiveAdults","RandomForest",0.454545454545454
"1881021","(3, 8)","ActiveAdults","RandomForest",0.296296296296296
"1916490","(3, 8)","FamilyWithKids","RandomForest",0.581818181818182
"1965318","(3, 8)","ActiveAdults","RandomForest",0.586666666666667
"1981739","(3, 8)","FamilyWithKids","RandomForest",0.296296296296296
"2003984","(3, 8)","FamilyWithKids","RandomForest",0.47887323943662
"2010692","(3, 8)","ActiveAdults","RandomForest",0.716981132075472
"2021880","(1, 2)","FamilyWithKids","RandomForest",0.518518518518518
"2109697","(3, 8)","FamilyWithKids","RandomForest",0.410958904109589
"2129104","(3, 8)","FamilyWithKids","RandomForest",0.539325842696629
"2381096","(1, 2)","FamilyWithKids","RandomForest",0.60377358490566
"2455268","(3, 8)","FamilyWithKids","RandomForest",0.5
"2523041","(3, 8)","FamilyWithKids","RandomForest",0.372881355932203
"2659406","(1, 2)","ActiveAdults","RandomForest",0.428571428571429
"2789797","(3, 8)","ActiveAdults","RandomForest",0.66
"2849286","(1, 2)","ActiveAdults","RandomForest",0.623853211009174
"2887859","(1, 2)","FamilyWithKids","RandomForest",0.291666666666667
"2890028","(3, 8)","FamilyWithKids","RandomForest",0.25
"2903695","(3, 8)","ActiveAdults","RandomForest",0.456140350877193
"2945756","(3, 8)","FamilyWithKids","RandomForest",0.549019607843137
"3065245","(3, 8)","FamilyWithKids","RandomForest",0.652173913043478
"3083880","(1, 2)","FamilyWithKids","RandomForest",0.620689655172414
"3117308","(3, 8)","ActiveAdults","RandomForest",0
"3194088","(1, 2)","FamilyWithKids","RandomForest",0.506329113924051
"3418370","(3, 8)","ActiveAdults","RandomForest",0.329113924050633
"3454725","(1, 2)","ActiveAdults","RandomForest",0.647887323943662
"3472112","(1, 2)","FamilyWithKids","RandomForest",0.384615384615385
"3475678","(3, 8)","ActiveAdults","RandomForest",0.461538461538462
"3590850","(1, 2)","FamilyWithKids","RandomForest",0.6
"3611317","(3, 8)","ActiveAdults","RandomForest",0.212765957446808
"3700492","(3, 8)","FamilyWithKids","RandomForest",0.327868852459016
"4081943","(3, 8)","ActiveAdults","RandomForest",0.295081967213115
"4092679","(3, 8)","FamilyWithKids","RandomForest",0.716981132075472
"4095466","(3, 8)","ActiveAdults","RandomForest",0.6
"4210887","(1, 2)","FamilyWithKids","RandomForest",0.408163265306122
"4252015","(1, 2)","ActiveAdults","RandomForest",0.5
"4360222","(3, 8)","FamilyWithKids","RandomForest",0.340425531914894
"4458410","(3, 8)","FamilyWithKids","RandomForest",0.4
"4502544","(3, 8)","FamilyWithKids","RandomForest",0.583333333333333
"4688795","(3, 8)","ActiveAdults","RandomForest",0.542857142857143
"4820245","(3, 8)","FamilyWithKids","RandomForest",0.666666666666667
"5055905","(3, 8)","FamilyWithKids","RandomForest",0.477064220183486
"5070212","(1, 2)","FamilyWithKids","RandomForest",0.518518518518518
"5079193","(3, 8)","FamilyWithKids","RandomForest",0.27027027027027
"5090378","(3, 8)","ActiveAdults","RandomForest",0.5
"5230429","(3, 8)","FamilyWithKids","RandomForest",0.7
"5349257","(3, 8)","ActiveAdults","RandomForest",0.666666666666667
"5486230","(3, 8)","ActiveAdults","RandomForest",0.555555555555556
"5518229","(1, 2)","FamilyWithKids","RandomForest",0.271604938271605
"5828081","(3, 8)","FamilyWithKids","RandomForest",0.266666666666667
"5834654","(3, 8)","FamilyWithKids","RandomForest",0.584070796460177
"5837307","(3, 8)","ActiveAdults","RandomForest",0.454545454545454
"5900481","(1, 2)","FamilyWithKids","RandomForest",0.56
"5926514","(1, 2)","ActiveAdults","RandomForest",0.433333333333333
"5932760","(3, 8)","ActiveAdults","RandomForest",0.463768115942029
"5962226","(1, 2)","FamilyWithKids","RandomForest",0.289473684210526
"6164386","(1, 2)","FamilyWithKids","RandomForest",0.514851485148515
"6227527","(3, 8)","ActiveAdults","RandomForest",0.271186440677966
"6244357","(3, 8)","FamilyWithKids","RandomForest",0.346153846153846
"6347907","(3, 8)","FamilyWithKids","RandomForest",0.409090909090909
"6554495","(3, 8)","ActiveAdults","RandomForest",0.646464646464647
"6589303","(3, 8)","FamilyWithKids","RandomForest",0.41025641025641
"6625496","(3, 8)","FamilyWithKids","RandomForest",0.142857142857143
"6645683","(1, 2)","ActiveAdults","RandomForest",0.484848484848485
"6867147","(3, 8)","FamilyWithKids","RandomForest",0.4
"6946384","(1, 2)","FamilyWithKids","RandomForest",0.672727272727273
"7117945","(3, 8)","ActiveAdults","RandomForest",0.0909090909090909
"7125823","(1, 2)","FamilyWithKids","RandomForest",0.424242424242424
"7152560","(1, 2)","FamilyWithKids","RandomForest",0.584615384615385
"7193509","(3, 8)","FamilyWithKids","RandomForest",0.539130434782609
"7248545","(3, 8)","ActiveAdults","RandomForest",0.2
"7395471","(3, 8)","FamilyWithKids","RandomForest",0.482758620689655
"7754367","(1, 2)","ActiveAdults","RandomForest",0.556962025316456
"7774258","(3, 8)","ActiveAdults","RandomForest",0.305084745762712
"7923839","(1, 2)","ActiveAdults","RandomForest",0.472727272727273
"7943400","(3, 8)","FamilyWithKids","RandomForest",0.525252525252525
"7954243","(3, 8)","ActiveAdults","RandomForest",0.58974358974359
"8063255","(1, 2)","ActiveAdults","RandomForest",0.307692307692308
"8128139","(1, 2)","FamilyWithKids","RandomForest",0.568421052631579
"8233719","(3, 8)","FamilyWithKids","RandomForest",0.0895522388059701
"8406386","(1, 2)","FamilyWithKids","RandomForest",0.34375
"8587555","(3, 8)","FamilyWithKids","RandomForest",0.263157894736842
"8607458","(3, 8)","FamilyWithKids","RandomForest",0.225352112676056
"8615531","(1, 2)","FamilyWithKids","RandomForest",0.253164556962025
"8736972","(1, 2)","FamilyWithKids","RandomForest",0.413793103448276
"9007266","(3, 8)","FamilyWithKids","RandomForest",0.585858585858586
"9059566","(3, 8)","FamilyWithKids","RandomForest",0.4
"9139989","(3, 8)","FamilyWithKids","RandomForest",0.450704225352113
"9155436","(3, 8)","FamilyWithKids","RandomForest",0.216216216216216
"9274130","(3, 8)","FamilyWithKids","RandomForest",0.296296296296296
"9279821","(3, 8)","ActiveAdults","RandomForest",0.552631578947368
"9298060","(3, 8)","ActiveAdults","RandomForest",0.631578947368421
"9303140","(1, 2)","ActiveAdults","RandomForest",0.455696202531646
"9335132","(1, 2)","FamilyWithKids","RandomForest",0.481927710843373
"9354586","(3, 8)","FamilyWithKids","RandomForest",0.521739130434783
"9482519","(1, 2)","FamilyWithKids","RandomForest",0.435897435897436
"9493177","(3, 8)","FamilyWithKids","RandomForest",0.686274509803922
"9529316","(1, 2)","ActiveAdults","RandomForest",0.568965517241379
"9574087","(3, 8)","FamilyWithKids","RandomForest",0.620689655172414
"9749751","(1, 2)","FamilyWithKids","RandomForest",0.615384615384615
"9758155","(3, 8)","ActiveAdults","RandomForest",0.561797752808989
"9805405","(1, 2)","ActiveAdults","RandomForest",0.5
"9832521","(1, 2)","ActiveAdults","RandomForest",0.548387096774194
"9842261","(3, 8)","FamilyWithKids","RandomForest",0.631578947368421
"10105631","(1, 2)","FamilyWithKids","RandomForest",0.275862068965517
"10139080","(3, 8)","FamilyWithKids","RandomForest",0.492753623188406
"10257405","(3, 8)","ActiveAdults","RandomForest",0.298507462686567
"10532324","(3, 8)","FamilyWithKids","RandomForest",0.25531914893617
"10640319","(1, 2)","ActiveAdults","RandomForest",0.725806451612903
"10801631","(3, 8)","ActiveAdults","RandomForest",0.356164383561644
"10894040","(1, 2)","ActiveAdults","RandomForest",0.338983050847458
"10894888","(3, 8)","ActiveAdults","RandomForest",0.623655913978495
"10900743","(1, 2)","ActiveAdults","RandomForest",0.117647058823529
"10911303","(3, 8)","FamilyWithKids","RandomForest",0.75
"10925652","(3, 8)","ActiveAdults","RandomForest",0.376470588235294
"11172871","(3, 8)","FamilyWithKids","RandomForest",0.405797101449275
"11257237","(1, 2)","ActiveAdults","RandomForest",0.766666666666667
"11627871","(3, 8)","FamilyWithKids","RandomForest",0.40625
"11729338","(3, 8)","FamilyWithKids","RandomForest",0.521739130434783
"11779601","(3, 8)","FamilyWithKids","RandomForest",0.571428571428571
"11852324","(3, 8)","ActiveAdults","RandomForest",0.416666666666667
"11912555","(1, 2)","FamilyWithKids","RandomForest",0.454545454545454
"12078622","(1, 2)","FamilyWithKids","RandomForest",0.418604651162791
"12120644","(1, 2)","FamilyWithKids","RandomForest",0.687022900763359
"12167956","(3, 8)","ActiveAdults","RandomForest",0.575
"12177802","(1, 2)","ActiveAdults","RandomForest",0.510204081632653
"12223508","(3, 8)","FamilyWithKids","RandomForest",0.65979381443299
"12237973","(3, 8)","ActiveAdults","RandomForest",0.467532467532467
"12257542","(3, 8)","FamilyWithKids","RandomForest",0.258064516129032
"12276650","(3, 8)","ActiveAdults","RandomForest",0.457142857142857
"12504304","(1, 2)","ActiveAdults","RandomForest",0.133333333333333
"12515785","(3, 8)","FamilyWithKids","RandomForest",0.651162790697674
"12845306","(3, 8)","FamilyWithKids","RandomForest",0.444444444444444
"12871209","(3, 8)","FamilyWithKids","RandomForest",0.441558441558441
"12962537","(1, 2)","ActiveAdults","RandomForest",0.346153846153846
"12980036","(3, 8)","ActiveAdults","RandomForest",0.450704225352113
"12980061","(1, 2)","FamilyWithKids","RandomForest",0.55
"13025896","(3, 8)","ActiveAdults","RandomForest",0.5
"13031606","(1, 2)","FamilyWithKids","RandomForest",0.536585365853658
"13046181","(3, 8)","ActiveAdults","RandomForest",0.578947368421053
"13048293","(3, 8)","ActiveAdults","RandomForest",0.455696202531646
"13070182","(3, 8)","FamilyWithKids","RandomForest",0.5
"13248069","(3, 8)","ActiveAdults","RandomForest",0.19047619047619
"13283749","(3, 8)","ActiveAdults","RandomForest",0.409638554216867
"13337486","(3, 8)","FamilyWithKids","RandomForest",0
"13363691","(1, 2)","ActiveAdults","RandomForest",0.530612244897959
"13376772","(1, 2)","FamilyWithKids","RandomForest",0.806201550387597
"18885480","(1, 2)","FamilyWithKids","RandomForest",0.585365853658537
"18893240","(3, 8)","ActiveAdults","RandomForest",0.5
"18910735","(3, 8)","ActiveAdults","RandomForest",0.32
"18915996","(3, 8)","FamilyWithKids","RandomForest",0.433734939759036
"18917984","(1, 2)","FamilyWithKids","RandomForest",0.307692307692308
"18926713","(3, 8)","FamilyWithKids","RandomForest",0.210526315789474
"18933798","(3, 8)","ActiveAdults","RandomForest",0.613636363636364
"18939620","(3, 8)","FamilyWithKids","RandomForest",0.585858585858586
"18949341","(3, 8)","ActiveAdults","RandomForest",0.352941176470588
"18970164","(3, 8)","FamilyWithKids","RandomForest",0.436781609195402
"18974058","(3, 8)","FamilyWithKids","RandomForest",0.461538461538462
"18979272","(3, 8)","ActiveAdults","RandomForest",0.522727272727273
"19000317","(3, 8)","FamilyWithKids","RandomForest",0.1875
"19006325","(3, 8)","FamilyWithKids","RandomForest",0.524590163934426
"19031006","(1, 2)","ActiveAdults","RandomForest",0.447761194029851
"19063947","(3, 8)","ActiveAdults","RandomForest",0.375
"19065018","(1, 2)","ActiveAdults","RandomForest",0.385542168674699
"19081325","(3, 8)","FamilyWithKids","RandomForest",0.553846153846154
"19111769","(3, 8)","ActiveAdults","RandomForest",0.275862068965517
"19113568","(1, 2)","FamilyWithKids","RandomForest",0
"19143595","(1, 2)","FamilyWithKids","RandomForest",0.699029126213592
"19185625","(1, 2)","FamilyWithKids","RandomForest",0.63768115942029
"19190685","(1, 2)","FamilyWithKids","RandomForest",0
"19204079","(3, 8)","ActiveAdults","RandomForest",0
"19210009","(3, 8)","FamilyWithKids","RandomForest",0.238095238095238
"19211739","(3, 8)","ActiveAdults","RandomForest",0.730434782608696
"19228548","(3, 8)","FamilyWithKids","RandomForest",0.25
"19230069","(1, 2)","ActiveAdults","RandomForest",0.235294117647059
"19243178","(3, 8)","FamilyWithKids","RandomForest",0
"19262813","(1, 2)","ActiveAdults","RandomForest",0.285714285714286
"19274514","(3, 8)","FamilyWithKids","RandomForest",0.338461538461538
"19286793","(3, 8)","FamilyWithKids","RandomForest",0.4
"19317441","(3, 8)","FamilyWithKids","RandomForest",0.630630630630631
"19337241","(3, 8)","FamilyWithKids","RandomForest",0.625
"19341334","(1, 2)","ActiveAdults","RandomForest",0
"19342043","(3, 8)","FamilyWithKids","RandomForest",0.302325581395349
"19342312","(1, 2)","FamilyWithKids","RandomForest",0.692913385826772
"19361406","(3, 8)","FamilyWithKids","RandomForest",0.363636363636364
"19383196","(1, 2)","ActiveAdults","RandomForest",0.333333333333333
"19394771","(1, 2)","FamilyWithKids","RandomForest",0.52
"19398541","(1, 2)","ActiveAdults","RandomForest",0
"19437256","(3, 8)","ActiveAdults","RandomForest",0.260869565217391
"19441686","(3, 8)","FamilyWithKids","RandomForest",0.0540540540540541
"19454531","(3, 8)","ActiveAdults","RandomForest",0
"19480086","(3, 8)","FamilyWithKids","RandomForest",0.60952380952381
"19489701","(3, 8)","ActiveAdults","RandomForest",0.635294117647059
"19514535","(1, 2)","FamilyWithKids","RandomForest",0.673469387755102
"19523710","(3, 8)","FamilyWithKids","RandomForest",0.594059405940594
"19529623","(3, 8)","FamilyWithKids","RandomForest",0.591549295774648
"19546916","(3, 8)","FamilyWithKids","RandomForest",0.644444444444444
"19572027","(3, 8)","FamilyWithKids","RandomForest",0.37037037037037
"19575323","(1, 2)","ActiveAdults","RandomForest",0.671875
"19575511","(1, 2)","FamilyWithKids","RandomForest",0.311111111111111
"19582754","(3, 8)","ActiveAdults","RandomForest",0.394366197183099
"19586197","(3, 8)","ActiveAdults","RandomForest",0.511627906976744
"19589390","(3, 8)","FamilyWithKids","RandomForest",0.4
"19593919","(3, 8)","ActiveAdults","RandomForest",0.419753086419753
"19595267","(3, 8)","ActiveAdults","RandomForest",0.458333333333333
"19620636","(3, 8)","ActiveAdults","RandomForest",0.637362637362637
"19633437","(3, 8)","FamilyWithKids","RandomForest",0.659574468085106
"19635030","(3, 8)","ActiveAdults","RandomForest",0.444444444444444
"25527026","(3, 8)","FamilyWithKids","RandomForest",0.672897196261682
"25616425","(1, 2)","FamilyWithKids","RandomForest",0.594059405940594
"25624350","(3, 8)","FamilyWithKids","RandomForest",0.517647058823529
"25797019","(3, 8)","ActiveAdults","RandomForest",0.660377358490566
"25819293","(1, 2)","FamilyWithKids","RandomForest",0.311111111111111
"25879492","(1, 2)","FamilyWithKids","RandomForest",0.450980392156863
"25900167","(1, 2)","FamilyWithKids","RandomForest",0.0327868852459016
"26252886","(1, 2)","ActiveAdults","RandomForest",0.341463414634146
"26253630","(3, 8)","ActiveAdults","RandomForest",0.46875
"26258025","(3, 8)","ActiveAdults","RandomForest",0.153846153846154
"26269376","(3, 8)","ActiveAdults","RandomForest",0.695652173913043
"26269953","(1, 2)","FamilyWithKids","RandomForest",0.426666666666667
"26296755","(1, 2)","ActiveAdults","RandomForest",0.218181818181818
"26305411","(1, 2)","FamilyWithKids","RandomForest",0.25
"26306475","(3, 8)","ActiveAdults","RandomForest",0.326530612244898
"26322109","(3, 8)","FamilyWithKids","RandomForest",0.474576271186441
"26344568","(3, 8)","ActiveAdults","RandomForest",0.304347826086957
"26346002","(3, 8)","FamilyWithKids","RandomForest",0.43956043956044
"26364901","(1, 2)","ActiveAdults","RandomForest",0.37037037037037
"26378476","(1, 2)","FamilyWithKids","RandomForest",0.520833333333333
"26387868","(1, 2)","FamilyWithKids","RandomForest",0.597701149425287
"26390959","(1, 2)","FamilyWithKids","RandomForest",0.678260869565217
"26400080","(1, 2)","FamilyWithKids","RandomForest",0.434782608695652
"26400246","(1, 2)","FamilyWithKids","RandomForest",0.1
"26402016","(1, 2)","FamilyWithKids","RandomForest",0.673267326732673
"26460149","(1, 2)","ActiveAdults","RandomForest",0.338983050847458
"26475795","(3, 8)","ActiveAdults","RandomForest",0.388888888888889
"26489265","(3, 8)","FamilyWithKids","RandomForest",0.297297297297297
"26491740","(3, 8)","FamilyWithKids","RandomForest",0.540540540540541
"26495222","(3, 8)","FamilyWithKids","RandomForest",0.473118279569892
"26502467","(3, 8)","FamilyWithKids","RandomForest",0.732673267326733
"26502565","(3, 8)","ActiveAdults","RandomForest",0.602409638554217
"26513012","(1, 2)","ActiveAdults","RandomForest",0.1875
"26513514","(1, 2)","FamilyWithKids","RandomForest",0.586666666666667
"26513722","(3, 8)","FamilyWithKids","RandomForest",0.635294117647059
"26518495","(3, 8)","FamilyWithKids","RandomForest",0.467532467532468
"26518659","(3, 8)","FamilyWithKids","RandomForest",0.61764705882353
"26521517","(3, 8)","ActiveAdults","RandomForest",0.27027027027027
"26522464","(1, 2)","FamilyWithKids","RandomForest",0.481927710843373
"26535189","(3, 8)","FamilyWithKids","RandomForest",0.695652173913043
"26544416","(3, 8)","ActiveAdults","RandomForest",0
"26569507","(1, 2)","ActiveAdults","RandomForest",0.325581395348837
"26578057","(1, 2)","FamilyWithKids","RandomForest",0.258064516129032
"26585161","(1, 2)","FamilyWithKids","RandomForest",0.214285714285714
"26589462","(1, 2)","ActiveAdults","RandomForest",0.676470588235294
"26589534","(1, 2)","ActiveAdults","RandomForest",0.487179487179487
"26600478","(1, 2)","ActiveAdults","RandomForest",0.521739130434783
"26601946","(3, 8)","ActiveAdults","RandomForest",0.648648648648649
"26618701","(3, 8)","ActiveAdults","RandomForest",0.411764705882353
"29276526","(3, 8)","FamilyWithKids","RandomForest",0.642857142857143
"29284158","(3, 8)","ActiveAdults","RandomForest",0.631578947368421
"29304039","(3, 8)","ActiveAdults","RandomForest",0.45
"29313565","(1, 2)","FamilyWithKids","RandomForest",0.469387755102041
"29321769","(1, 2)","FamilyWithKids","RandomForest",0.609756097560976
"29337923","(3, 8)","ActiveAdults","RandomForest",0.0869565217391304
"29347236","(3, 8)","FamilyWithKids","RandomForest",0.531914893617021
"29365545","(1, 2)","FamilyWithKids","RandomForest",0.365853658536585
"29380088","(3, 8)","FamilyWithKids","RandomForest",0.517647058823529
"29406267","(3, 8)","ActiveAdults","RandomForest",0.290909090909091
"29416697","(3, 8)","FamilyWithKids","RandomForest",0.526315789473684
"29430523","(1, 2)","FamilyWithKids","RandomForest",0
"29453248","(3, 8)","FamilyWithKids","RandomForest",0.310344827586207
"29468396","(1, 2)","ActiveAdults","RandomForest",0.338461538461538
"29468484","(3, 8)","ActiveAdults","RandomForest",0.127659574468085
"29480655","(1, 2)","FamilyWithKids","RandomForest",0.505747126436782
"34567526","(1, 2)","ActiveAdults","RandomForest",0.457142857142857
"34571275","(3, 8)","ActiveAdults","RandomForest",0.415584415584416
"34586076","(1, 2)","ActiveAdults","RandomForest",0.571428571428572
"34586106","(1, 2)","FamilyWithKids","RandomForest",0.114285714285714
"34610793","(1, 2)","ActiveAdults","RandomForest",0.530612244897959
"34614938","(1, 2)","ActiveAdults","RandomForest",0.222222222222222
"34640970","(1, 2)","ActiveAdults","RandomForest",0.48780487804878
"34641300","(1, 2)","FamilyWithKids","RandomForest",0.527777777777778
"34725020","(3, 8)","FamilyWithKids","RandomForest",0.13953488372093
"34732848","(3, 8)","ActiveAdults","RandomForest",0.177777777777778
"34761632","(1, 2)","FamilyWithKids","RandomForest",0.578947368421053
"34764938","(3, 8)","FamilyWithKids","RandomForest",0.575
"34765018","(3, 8)","FamilyWithKids","RandomForest",0.638655462184874
"34775748","(1, 2)","ActiveAdults","RandomForest",0.27906976744186
"34800212","(3, 8)","FamilyWithKids","RandomForest",0.545454545454545
"34811172","(1, 2)","FamilyWithKids","RandomForest",0.105263157894737
"34813125","(1, 2)","FamilyWithKids","RandomForest",0.786324786324786
"34829163","(1, 2)","FamilyWithKids","RandomForest",0.731707317073171
"34849271","(3, 8)","ActiveAdults","RandomForest",0
"34869011","(3, 8)","FamilyWithKids","RandomForest",0.317460317460317
"34880990","(1, 2)","ActiveAdults","RandomForest",0.566371681415929
"34900016","(3, 8)","FamilyWithKids","RandomForest",0.474226804123711
"34921742","(3, 8)","ActiveAdults","RandomForest",0.256410256410256
"34925450","(1, 2)","ActiveAdults","RandomForest",0.476190476190476
"34939564","(3, 8)","FamilyWithKids","RandomForest",0.5625
"34946074","(1, 2)","FamilyWithKids","RandomForest",0.352941176470588
"34950147","(3, 8)","ActiveAdults","RandomForest",0.691358024691358
"34959503","(1, 2)","ActiveAdults","RandomForest",0.55421686746988
"34983607","(3, 8)","ActiveAdults","RandomForest",0.493506493506494
"34992565","(3, 8)","ActiveAdults","RandomForest",0.467532467532468
"35005435","(1, 2)","ActiveAdults","RandomForest",0.428571428571429
"35006354","(1, 2)","FamilyWithKids","RandomForest",0.633663366336634
"35019444","(1, 2)","FamilyWithKids","RandomForest",0
"35027402","(1, 2)","ActiveAdults","RandomForest",0.517241379310345
"35032328","(3, 8)","ActiveAdults","RandomForest",0.465753424657534
"35094713","(3, 8)","ActiveAdults","RandomForest",0.580645161290323
"35101316","(3, 8)","ActiveAdults","RandomForest",0.222222222222222
"35103099","(1, 2)","ActiveAdults","RandomForest",0.0714285714285714
"35122644","(3, 8)","ActiveAdults","RandomForest",0.696629213483146
"35132468","(1, 2)","ActiveAdults","RandomForest",0.523076923076923
"35136756","(1, 2)","FamilyWithKids","RandomForest",0.629213483146067
"35140443","(3, 8)","ActiveAdults","RandomForest",0.492753623188406
"35142649","(3, 8)","FamilyWithKids","RandomForest",0.829268292682927
"35185758","(3, 8)","ActiveAdults","RandomForest",0.392156862745098
"35203400","(1, 2)","FamilyWithKids","RandomForest",0.658227848101266
"35231900","(1, 2)","ActiveAdults","RandomForest",0.232558139534884
"35232883","(3, 8)","ActiveAdults","RandomForest",0
"35238063","(1, 2)","FamilyWithKids","RandomForest",0.360655737704918
"35255400","(1, 2)","FamilyWithKids","RandomForest",0.285714285714286
"35268006","(1, 2)","FamilyWithKids","RandomForest",0.647058823529412
"35300245","(1, 2)","FamilyWithKids","RandomForest",0.537037037037037
"35300600","(1, 2)","FamilyWithKids","RandomForest",0
"35302000","(1, 2)","FamilyWithKids","RandomForest",0.534883720930233
"35329337","(3, 8)","FamilyWithKids","RandomForest",0.114285714285714
"39589733","(1, 2)","ActiveAdults","RandomForest",0.658536585365854
"39592340","(3, 8)","ActiveAdults","RandomForest",0.444444444444444
"39630514","(1, 2)","ActiveAdults","RandomForest",0.304347826086957
"39633120","(1, 2)","FamilyWithKids","RandomForest",0.531645569620253
"39661494","(3, 8)","FamilyWithKids","RandomForest",0.586666666666667
"39674683","(3, 8)","ActiveAdults","RandomForest",0.519230769230769
"39680217","(1, 2)","ActiveAdults","RandomForest",0.525252525252525
"39733671","(3, 8)","ActiveAdults","RandomForest",0.527472527472527
"39736627","(3, 8)","FamilyWithKids","RandomForest",0.347826086956522
"39741603","(3, 8)","FamilyWithKids","RandomForest",0.647887323943662
"39748303","(1, 2)","FamilyWithKids","RandomForest",0.410958904109589
"39756194","(3, 8)","FamilyWithKids","RandomForest",0.571428571428572
"39776678","(1, 2)","FamilyWithKids","RandomForest",0.55045871559633
"39808384","(3, 8)","ActiveAdults","RandomForest",0.0754716981132075
"39820803","(3, 8)","ActiveAdults","RandomForest",0
"39823522","(1, 2)","ActiveAdults","RandomForest",0.276923076923077
"39824254","(1, 2)","ActiveAdults","RandomForest",0.489795918367347
"39847892","(3, 8)","FamilyWithKids","RandomForest",0.363636363636364
"39848592","(3, 8)","ActiveAdults","RandomForest",0.4
"39850588","(3, 8)","FamilyWithKids","RandomForest",0.444444444444444
"39854202","(3, 8)","ActiveAdults","RandomForest",0
"39858422","(1, 2)","ActiveAdults","RandomForest",0.632911392405063
"39860814","(3, 8)","FamilyWithKids","RandomForest",0.6875
"39936339","(1, 2)","FamilyWithKids","RandomForest",0.473684210526316
"39973308","(1, 2)","ActiveAdults","RandomForest",0.271186440677966
"39977619","(3, 8)","FamilyWithKids","RandomForest",0.313725490196078
"39981995","(3, 8)","FamilyWithKids","RandomForest",0.181818181818182
"39994483","(3, 8)","FamilyWithKids","RandomForest",0.660194174757282
"39999611","(3, 8)","ActiveAdults","RandomForest",0.157894736842105
"40022328","(3, 8)","ActiveAdults","RandomForest",0.457142857142857
"40023054","(3, 8)","FamilyWithKids","RandomForest",0.536082474226804
"40053636","(1, 2)","ActiveAdults","RandomForest",0.379310344827586
"40070326","(1, 2)","FamilyWithKids","RandomForest",0.584905660377358
"40084053","(1, 2)","FamilyWithKids","RandomForest",0.580645161290323
"40097852","(3, 8)","ActiveAdults","RandomForest",0.4375
"40108582","(3, 8)","ActiveAdults","RandomForest",0
"40169462","(3, 8)","ActiveAdults","RandomForest",0.172413793103448
"40182046","(3, 8)","FamilyWithKids","RandomForest",0.476190476190476
"40196046","(3, 8)","ActiveAdults","RandomForest",0
"40215452","(1, 2)","FamilyWithKids","RandomForest",0.597014925373134
"40223973","(3, 8)","FamilyWithKids","RandomForest",0.685185185185185
"40226426","(1, 2)","ActiveAdults","RandomForest",0.493506493506494
"40232464","(1, 2)","ActiveAdults","RandomForest",0.25
"40232955","(1, 2)","ActiveAdults","RandomForest",0.674418604651163
"40248047","(1, 2)","FamilyWithKids","RandomForest",0.592592592592593
"40254248","(1, 2)","ActiveAdults","RandomForest",0.346666666666667
"40270915","(3, 8)","FamilyWithKids","RandomForest",0.571428571428571
"40288817","(3, 8)","ActiveAdults","RandomForest",0.461538461538462
"40292044","(1, 2)","ActiveAdults","RandomForest",0.451612903225806
"40304196","(1, 2)","FamilyWithKids","RandomForest",0.463157894736842
"40308501","(3, 8)","FamilyWithKids","RandomForest",0.423076923076923
"40326822","(3, 8)","ActiveAdults","RandomForest",0.444444444444444
"40347802","(3, 8)","FamilyWithKids","RandomForest",0.208333333333333
"40348254","(1, 2)","FamilyWithKids","RandomForest",0.573913043478261
"40350785","(1, 2)","FamilyWithKids","RandomForest",0.454545454545454
"50282366","(3, 8)","ActiveAdults","RandomForest",0.5
"50514112","(3, 8)","FamilyWithKids","RandomForest",0
"50728612","(3, 8)","ActiveAdults","RandomForest",0.612244897959184
"50745069","(3, 8)","FamilyWithKids","RandomForest",0
"50800943","(1, 2)","FamilyWithKids","RandomForest",0.358974358974359
"50836946","(3, 8)","ActiveAdults","RandomForest",0.548387096774194
"50849946","(1, 2)","ActiveAdults","RandomForest",0
"50967359","(3, 8)","FamilyWithKids","RandomForest",0.230769230769231
"51078948","(3, 8)","ActiveAdults","RandomForest",0.451612903225806
"51101589","(1, 2)","FamilyWithKids","RandomForest",0.625
"51136114","(3, 8)","ActiveAdults","RandomForest",0.52
"51136225","(1, 2)","FamilyWithKids","RandomForest",0
"51274788","(3, 8)","ActiveAdults","RandomForest",0.271186440677966
"51327660","(3, 8)","FamilyWithKids","RandomForest",0.0975609756097561
"51349560","(1, 2)","ActiveAdults","RandomForest",0.559139784946237
"51376374","(1, 2)","FamilyWithKids","RandomForest",0.775862068965517
"51480876","(3, 8)","ActiveAdults","RandomForest",0.482758620689655
"53499938","(3, 8)","ActiveAdults","RandomForest",0.507936507936508
"53814005","(1, 2)","FamilyWithKids","RandomForest",0.520833333333333
"54246765","(3, 8)","ActiveAdults","RandomForest",0.421052631578947
"54706275","(3, 8)","FamilyWithKids","RandomForest",0.571428571428571
"55031571","(3, 8)","FamilyWithKids","RandomForest",0.531645569620253
"58104487","(1, 2)","ActiveAdults","RandomForest",0.745762711864407
"58112970","(1, 2)","ActiveAdults","RandomForest",0.51063829787234
"58113416","(3, 8)","FamilyWithKids","RandomForest",0.567567567567568
"58139794","(3, 8)","FamilyWithKids","RandomForest",0.127659574468085
"58149188","(1, 2)","FamilyWithKids","RandomForest",0.417582417582418
"58156906","(3, 8)","ActiveAdults","RandomForest",0.452380952380952
"58156989","(1, 2)","ActiveAdults","RandomForest",0.309859154929577
"58157344","(3, 8)","ActiveAdults","RandomForest",0.525
"58158708","(3, 8)","FamilyWithKids","RandomForest",0.388349514563107
"58160608","(3, 8)","ActiveAdults","RandomForest",0.518518518518519
"58180839","(3, 8)","ActiveAdults","RandomForest",0.56
"58186213","(1, 2)","ActiveAdults","RandomForest",0.476190476190476
"58192769","(3, 8)","FamilyWithKids","RandomForest",0
"58196114","(1, 2)","ActiveAdults","RandomForest",0.4
"58196507","(3, 8)","FamilyWithKids","RandomForest",0.395348837209302
"58208210","(1, 2)","ActiveAdults","RandomForest",0.584269662921348
"58226070","(1, 2)","FamilyWithKids","RandomForest",0.417910447761194
"58226234","(3, 8)","ActiveAdults","RandomForest",0.242424242424242
"58228524","(3, 8)","FamilyWithKids","RandomForest",0.4
"58270167","(3, 8)","FamilyWithKids","RandomForest",0
"58277118","(3, 8)","ActiveAdults","RandomForest",0.491228070175439
"58277624","(1, 2)","FamilyWithKids","RandomForest",0.44
"58283898","(1, 2)","FamilyWithKids","RandomForest",0.423076923076923
"58284638","(3, 8)","FamilyWithKids","RandomForest",0.176470588235294
"58302844","(3, 8)","ActiveAdults","RandomForest",0.505494505494505
"58316009","(1, 2)","ActiveAdults","RandomForest",0.384615384615385
"58316652","(3, 8)","ActiveAdults","RandomForest",0.509090909090909
"58329048","(3, 8)","FamilyWithKids","RandomForest",0.563106796116505
"58332519","(1, 2)","FamilyWithKids","RandomForest",0.5
"58344588","(1, 2)","FamilyWithKids","RandomForest",0.690265486725664
"58356243","(3, 8)","FamilyWithKids","RandomForest",0.693069306930693
"58360541","(3, 8)","FamilyWithKids","RandomForest",0.661016949152542
"58367546","(1, 2)","FamilyWithKids","RandomForest",0.490566037735849
"58367725","(3, 8)","FamilyWithKids","RandomForest",0.388888888888889
"58375677","(3, 8)","ActiveAdults","RandomForest",0
"58383372","(1, 2)","ActiveAdults","RandomForest",0.5
"58385128","(1, 2)","FamilyWithKids","RandomForest",0.755102040816326
"58388130","(1, 2)","ActiveAdults","RandomForest",0.45945945945946
"58388694","(1, 2)","ActiveAdults","RandomForest",0.214285714285714
"58392459","(1, 2)","ActiveAdults","RandomForest",0
"58407838","(1, 2)","FamilyWithKids","RandomForest",0.522727272727273
"58416269","(3, 8)","ActiveAdults","RandomForest",0
"58441256","(1, 2)","FamilyWithKids","RandomForest",0.361702127659574
"58447894","(1, 2)","ActiveAdults","RandomForest",0.413793103448276
"58455302","(1, 2)","FamilyWithKids","RandomForest",0.618556701030928
"58459782","(1, 2)","ActiveAdults","RandomForest",0.511627906976744
"58475510","(3, 8)","ActiveAdults","RandomForest",0.597938144329897
"58480922","(1, 2)","ActiveAdults","RandomForest",0.368421052631579
"58495505","(1, 2)","FamilyWithKids","RandomForest",0.45
"58496620","(1, 2)","ActiveAdults","RandomForest",0
"58508502","(3, 8)","FamilyWithKids","RandomForest",0.4
"58513193","(1, 2)","ActiveAdults","RandomForest",0.338028169014085
"58516324","(1, 2)","FamilyWithKids","RandomForest",0.598130841121495
"58523802","(1, 2)","ActiveAdults","RandomForest",0.521739130434783
"58524204","(1, 2)","FamilyWithKids","RandomForest",0.375
"59670237","(1, 2)","FamilyWithKids","RandomForest",0.666666666666667
"59682382","(3, 8)","FamilyWithKids","RandomForest",0.684684684684685
"59687794","(1, 2)","FamilyWithKids","RandomForest",0.621359223300971
"59699781","(3, 8)","ActiveAdults","RandomForest",0.54320987654321
"59702734","(1, 2)","ActiveAdults","RandomForest",0.355555555555556
"59712747","(3, 8)","FamilyWithKids","RandomForest",0.465116279069767
"59728494","(3, 8)","FamilyWithKids","RandomForest",0.563106796116505
"59729184","(1, 2)","FamilyWithKids","RandomForest",0.466666666666667
"59739148","(3, 8)","FamilyWithKids","RandomForest",0.688888888888889
"59760632","(3, 8)","FamilyWithKids","RandomForest",0.372881355932203
"59768083","(3, 8)","FamilyWithKids","RandomForest",0.777777777777778
"59778528","(1, 2)","FamilyWithKids","RandomForest",0.505494505494505
"59779125","(1, 2)","FamilyWithKids","RandomForest",0.481927710843373
"59779535","(3, 8)","ActiveAdults","RandomForest",0
"59782362","(3, 8)","FamilyWithKids","RandomForest",0.756302521008403
"59806333","(1, 2)","FamilyWithKids","RandomForest",0.641975308641975
"59817860","(1, 2)","ActiveAdults","RandomForest",0.523076923076923
"59839642","(1, 2)","ActiveAdults","RandomForest",0.454545454545454
"59844166","(3, 8)","ActiveAdults","RandomForest",0.526315789473684
"59847659","(3, 8)","FamilyWithKids","RandomForest",0.207792207792208
"59852517","(3, 8)","FamilyWithKids","RandomForest",0.666666666666667
"59884707","(1, 2)","FamilyWithKids","RandomForest",0.173913043478261
"59891701","(1, 2)","ActiveAdults","RandomForest",0.732142857142857
"59897913","(3, 8)","FamilyWithKids","RandomForest",0
"59920428","(3, 8)","ActiveAdults","RandomForest",0.52
"59924568","(3, 8)","FamilyWithKids","RandomForest",0.5
"59925221","(1, 2)","ActiveAdults","RandomForest",0.714285714285714
"59955036","(1, 2)","ActiveAdults","RandomForest",0.727272727272727
"59956735","(1, 2)","ActiveAdults","RandomForest",0.380952380952381
"59965372","(1, 2)","FamilyWithKids","RandomForest",0.481012658227848
"59965529","(1, 2)","ActiveAdults","RandomForest",0.4
"59967820","(3, 8)","ActiveAdults","RandomForest",0.636363636363636
"59976140","(3, 8)","ActiveAdults","RandomForest",0.721649484536082
"59981970","(1, 2)","FamilyWithKids","RandomForest",0.360655737704918
"59986777","(3, 8)","FamilyWithKids","RandomForest",0.149253731343284
"59989188","(1, 2)","ActiveAdults","RandomForest",0.72463768115942
"59998127","(3, 8)","ActiveAdults","RandomForest",0.476190476190476
"60007334","(1, 2)","FamilyWithKids","RandomForest",0
"60012661","(3, 8)","ActiveAdults","RandomForest",0.707317073170732
"60017117","(1, 2)","FamilyWithKids","RandomForest",0.466666666666667
"60573496","(1, 2)","FamilyWithKids","RandomForest",0.473118279569892
"60922670","(1, 2)","ActiveAdults","RandomForest",0.254545454545455
"61416621","(1, 2)","FamilyWithKids","RandomForest",0.32
"62735475","(1, 2)","ActiveAdults","RandomForest",0.357142857142857
"62768564","(3, 8)","FamilyWithKids","RandomForest",0.554455445544554
"62813306","(3, 8)","FamilyWithKids","RandomForest",0.7
"62874679","(3, 8)","ActiveAdults","RandomForest",0.40506329113924
"63151674","(1, 2)","ActiveAdults","RandomForest",0.444444444444444
"63397481","(3, 8)","FamilyWithKids","RandomForest",0.471910112359551
"65720584","(1, 2)","ActiveAdults","RandomForest",0.560975609756098
"66104531","(3, 8)","FamilyWithKids","RandomForest",0.464285714285714
"66630660","(3, 8)","FamilyWithKids","RandomForest",0.377358490566038
"66695274","(3, 8)","FamilyWithKids","RandomForest",0.417910447761194
"66761145","(3, 8)","ActiveAdults","RandomForest",0
"66775915","(3, 8)","ActiveAdults","RandomForest",0.416666666666667
"66871006","(3, 8)","FamilyWithKids","RandomForest",0.344827586206897
"66881061","(1, 2)","FamilyWithKids","RandomForest",0.679245283018868
"66889077","(1, 2)","FamilyWithKids","RandomForest",0
"66898004","(3, 8)","FamilyWithKids","RandomForest",0.508474576271187
"66964628","(3, 8)","ActiveAdults","RandomForest",0.285714285714286
"66979231","(1, 2)","FamilyWithKids","RandomForest",0.612244897959184
"67059108","(3, 8)","ActiveAdults","RandomForest",0.571428571428571
"67108875","(3, 8)","ActiveAdults","RandomForest",0.296296296296296
"67146581","(1, 2)","ActiveAdults","RandomForest",0.0555555555555556
"67321986","(1, 2)","FamilyWithKids","RandomForest",0.380952380952381
"69159403","(3, 8)","ActiveAdults","RandomForest",0.444444444444444
"69219956","(3, 8)","ActiveAdults","RandomForest",0.178571428571429
"69474696","(1, 2)","FamilyWithKids","RandomForest",0.752688172043011
"69726411","(1, 2)","ActiveAdults","RandomForest",0
"70799511","(1, 2)","ActiveAdults","RandomForest",0.511627906976744
"71229353","(1, 2)","ActiveAdults","RandomForest",0.454545454545454
"71475037","(3, 8)","FamilyWithKids","RandomForest",0.361111111111111
"71493852","(1, 2)","FamilyWithKids","RandomForest",0
"71501592","(1, 2)","ActiveAdults","RandomForest",0
"71506017","(1, 2)","ActiveAdults","RandomForest",0
"71524187","(3, 8)","FamilyWithKids","RandomForest",0.215384615384615
"71543400","(3, 8)","FamilyWithKids","RandomForest",0.342857142857143
"71561002","(3, 8)","ActiveAdults","RandomForest",0
"72941082","(3, 8)","FamilyWithKids","RandomForest",0.542857142857143
"72974206","(3, 8)","FamilyWithKids","RandomForest",0.196078431372549
"75691228","(3, 8)","FamilyWithKids","RandomForest",0.660869565217391
"75936022","(1, 2)","ActiveAdults","RandomForest",0.606060606060606
"75985833","(3, 8)","ActiveAdults","RandomForest",0.666666666666667
"76016359","(3, 8)","FamilyWithKids","RandomForest",0.338028169014085
"76415707","(1, 2)","ActiveAdults","RandomForest",0.413793103448276
"77579570","(3, 8)","FamilyWithKids","RandomForest",0.342857142857143
"77675855","(3, 8)","FamilyWithKids","RandomForest",0.365853658536585
"77826003","(1, 2)","ActiveAdults","RandomForest",0.486486486486486
"77836267","(3, 8)","ActiveAdults","RandomForest",0.0645161290322581
"78120804","(3, 8)","ActiveAdults","RandomForest",0.630434782608696
"78142110","(3, 8)","FamilyWithKids","RandomForest",0.25
"78590280","(3, 8)","FamilyWithKids","RandomForest",0.473118279569892
"79540099","(1, 2)","ActiveAdults","RandomForest",0.181818181818182
"79547988","(3, 8)","ActiveAdults","RandomForest",0.520833333333333
"79553779","(1, 2)","FamilyWithKids","RandomForest",0.4
"79565264","(1, 2)","FamilyWithKids","RandomForest",0.695652173913043
"79579977","(1, 2)","FamilyWithKids","RandomForest",0.487179487179487
"79600241","(1, 2)","FamilyWithKids","RandomForest",0.51219512195122
"79616479","(1, 2)","FamilyWithKids","RandomForest",0.394736842105263
"79624842","(3, 8)","FamilyWithKids","RandomForest",0.3
"79628652","(1, 2)","FamilyWithKids","RandomForest",0.431372549019608
"79638979","(3, 8)","ActiveAdults","RandomForest",0.439024390243902
"79640490","(1, 2)","ActiveAdults","RandomForest",0.554455445544554
"79644159","(3, 8)","FamilyWithKids","RandomForest",0.133333333333333
"79644549","(1, 2)","ActiveAdults","RandomForest",0.133333333333333
"79645625","(1, 2)","FamilyWithKids","RandomForest",0
"79651680","(3, 8)","ActiveAdults","RandomForest",0.390243902439024
"80165689","(1, 2)","ActiveAdults","RandomForest",0.12
"80171891","(3, 8)","FamilyWithKids","RandomForest",0.666666666666667
"80175572","(1, 2)","ActiveAdults","RandomForest",0.447761194029851
"80186376","(1, 2)","FamilyWithKids","RandomForest",0.5
"80194920","(3, 8)","ActiveAdults","RandomForest",0.0909090909090909
"80202170","(1, 2)","ActiveAdults","RandomForest",0.391304347826087
"80202552","(3, 8)","FamilyWithKids","RandomForest",0.666666666666667
"80220912","(3, 8)","ActiveAdults","RandomForest",0
"80232412","(1, 2)","ActiveAdults","RandomForest",0.266666666666667
"80239063","(1, 2)","ActiveAdults","RandomForest",0.580645161290323
"80239180","(1, 2)","FamilyWithKids","RandomForest",0.547619047619048
"80249066","(1, 2)","ActiveAdults","RandomForest",0.324324324324324
"80323953","(3, 8)","FamilyWithKids","RandomForest",0.222222222222222
"80328203","(3, 8)","ActiveAdults","RandomForest",0.597014925373134
"80328404","(1, 2)","ActiveAdults","RandomForest",0.0930232558139535
"80339337","(1, 2)","ActiveAdults","RandomForest",0.258064516129032
"80354647","(3, 8)","FamilyWithKids","RandomForest",0.601941747572815
"80356295","(1, 2)","FamilyWithKids","RandomForest",0.413793103448276
"80357713","(1, 2)","ActiveAdults","RandomForest",0.416666666666667
"80360482","(3, 8)","FamilyWithKids","RandomForest",0.54054054054054
"80362603","(3, 8)","FamilyWithKids","RandomForest",0.63013698630137
"80378375","(3, 8)","ActiveAdults","RandomForest",0.5
"80387642","(1, 2)","ActiveAdults","RandomForest",0.285714285714286
"80463017","(1, 2)","ActiveAdults","RandomForest",0.333333333333333
"80704590","(1, 2)","ActiveAdults","RandomForest",0.47887323943662
"81548965","(1, 2)","FamilyWithKids","RandomForest",0.523076923076923
"81590621","(1, 2)","ActiveAdults","RandomForest",0.41025641025641
"81622416","(3, 8)","FamilyWithKids","RandomForest",0.337662337662338
"81656321","(3, 8)","ActiveAdults","RandomForest",0.235294117647059
"81667387","(1, 2)","FamilyWithKids","RandomForest",0.25
"82605528","(3, 8)","FamilyWithKids","RandomForest",0.689075630252101
"82786308","(1, 2)","ActiveAdults","RandomForest",0.406779661016949
"82993917","(3, 8)","FamilyWithKids","RandomForest",0.622641509433962
"82995451","(1, 2)","ActiveAdults","RandomForest",0.333333333333333
"83019383","(1, 2)","ActiveAdults","RandomForest",0.703296703296703
"83130588","(1, 2)","ActiveAdults","RandomForest",0.466666666666667
"83282531","(1, 2)","ActiveAdults","RandomForest",0
"83300633","(1, 2)","ActiveAdults","RandomForest",0.634146341463415
"83338190","(3, 8)","FamilyWithKids","RandomForest",0.60952380952381
"83346120","(1, 2)","ActiveAdults","RandomForest",0.125
"83349149","(3, 8)","ActiveAdults","RandomForest",0.127659574468085
"83358751","(3, 8)","ActiveAdults","RandomForest",0.459459459459459
"83364178","(1, 2)","ActiveAdults","RandomForest",0.285714285714286
"83364844","(1, 2)","ActiveAdults","RandomForest",0.513513513513513
"83364884","(3, 8)","FamilyWithKids","RandomForest",0.4375
"83365219","(3, 8)","ActiveAdults","RandomForest",0.277777777777778
"83372832","(1, 2)","ActiveAdults","RandomForest",0
"83378863","(1, 2)","ActiveAdults","RandomForest",0.574712643678161
"83380901","(1, 2)","ActiveAdults","RandomForest",0.230769230769231
"83382861","(3, 8)","FamilyWithKids","RandomForest",0.59016393442623
"83384197","(1, 2)","ActiveAdults","RandomForest",0.245614035087719
"83393777","(3, 8)","ActiveAdults","RandomForest",0
"83395000","(3, 8)","FamilyWithKids","RandomForest",0.580645161290323
"83400043","(1, 2)","ActiveAdults","RandomForest",0.571428571428571
"83400941","(1, 2)","ActiveAdults","RandomForest",0.347826086956522
"83401156","(3, 8)","FamilyWithKids","RandomForest",0.571428571428571
"83401618","(1, 2)","ActiveAdults","RandomForest",0.613861386138614
"83401731","(1, 2)","ActiveAdults","RandomForest",0.4
"83408558","(3, 8)","ActiveAdults","RandomForest",0.153846153846154
"83413734","(3, 8)","ActiveAdults","RandomForest",0
"83414622","(1, 2)","FamilyWithKids","RandomForest",0.4
"83425959","(1, 2)","ActiveAdults","RandomForest",0.466666666666667
"83428501","(1, 2)","ActiveAdults","RandomForest",0.533333333333333
"83434713","(1, 2)","ActiveAdults","RandomForest",0.210526315789474
"83436203","(3, 8)","ActiveAdults","RandomForest",0.1
"83446050","(1, 2)","ActiveAdults","RandomForest",0
"83461166","(3, 8)","FamilyWithKids","RandomForest",0.531914893617021
"83461665","(3, 8)","FamilyWithKids","RandomForest",0
"83462435","(1, 2)","ActiveAdults","RandomForest",0.604651162790698
"83465494","(3, 8)","ActiveAdults","RandomForest",0
"83490935","(3, 8)","ActiveAdults","RandomForest",0.19047619047619
"83513598","(1, 2)","ActiveAdults","RandomForest",0.304347826086957
"83518781","(3, 8)","FamilyWithKids","RandomForest",0.3
"83521436","(1, 2)","ActiveAdults","RandomForest",0.576271186440678
"83522448","(3, 8)","ActiveAdults","RandomForest",0.539325842696629
"83526677","(3, 8)","FamilyWithKids","RandomForest",0.376470588235294
"83530334","(3, 8)","ActiveAdults","RandomForest",0.206896551724138
"83535649","(3, 8)","ActiveAdults","RandomForest",0.564705882352941
"83559746","(1, 2)","ActiveAdults","RandomForest",0.441176470588235
"83563372","(1, 2)","FamilyWithKids","RandomForest",0.740740740740741
"83576584","(3, 8)","ActiveAdults","RandomForest",0.433333333333333
"83578799","(1, 2)","ActiveAdults","RandomForest",0.276923076923077
"83594599","(1, 2)","ActiveAdults","RandomForest",0.405405405405405
"83594729","(1, 2)","FamilyWithKids","RandomForest",0.606060606060606
"83597079","(1, 2)","ActiveAdults","RandomForest",0.285714285714286
"83630572","(3, 8)","FamilyWithKids","RandomForest",0.5
"83655957","(3, 8)","ActiveAdults","RandomForest",0.266666666666667
"83664384","(1, 2)","FamilyWithKids","RandomForest",0.56
"83665040","(1, 2)","FamilyWithKids","RandomForest",0.492307692307692
"83679888","(3, 8)","ActiveAdults","RandomForest",0
"83685018","(1, 2)","ActiveAdults","RandomForest",0.365853658536585
"83690941","(1, 2)","FamilyWithKids","RandomForest",0.542857142857143
"83700631","(3, 8)","FamilyWithKids","RandomForest",0
"83704924","(3, 8)","ActiveAdults","RandomForest",0.4
"83706532","(3, 8)","FamilyWithKids","RandomForest",0.107142857142857
"83709440","(1, 2)","ActiveAdults","RandomForest",0.555555555555556
"83719657","(1, 2)","ActiveAdults","RandomForest",0.451612903225806
"83724551","(3, 8)","FamilyWithKids","RandomForest",0.8
"83727639","(3, 8)","ActiveAdults","RandomForest",0.439024390243902
"83731716","(1, 2)","ActiveAdults","RandomForest",0.649122807017544
"83738363","(1, 2)","ActiveAdults","RandomForest",0.571428571428572
"83738446","(3, 8)","ActiveAdults","RandomForest",0.421052631578947
"83753913","(1, 2)","FamilyWithKids","RandomForest",0.655737704918033
"83765317","(3, 8)","FamilyWithKids","RandomForest",0
"83771436","(1, 2)","FamilyWithKids","RandomForest",0.465116279069767
"83771885","(3, 8)","FamilyWithKids","RandomForest",0.516129032258065
"83775304","(1, 2)","ActiveAdults","RandomForest",0.457831325301205
"83792313","(3, 8)","FamilyWithKids","RandomForest",0.0895522388059701
"83794224","(1, 2)","FamilyWithKids","RandomForest",0.575
"84465474","(3, 8)","FamilyWithKids","RandomForest",0.416666666666667
"84500782","(3, 8)","FamilyWithKids","RandomForest",0.260869565217391
"84682115","(1, 2)","ActiveAdults","RandomForest",0.360655737704918
"84760514","(3, 8)","FamilyWithKids","RandomForest",0.563380281690141
"84818244","(3, 8)","ActiveAdults","RandomForest",0
"85304894","(1, 2)","ActiveAdults","RandomForest",0.520547945205479
"86203769","(1, 2)","FamilyWithKids","RandomForest",0.597402597402597
"86652832","(1, 2)","FamilyWithKids","RandomForest",0.555555555555556
"87369444","(3, 8)","FamilyWithKids","RandomForest",0.457831325301205
"87378212","(1, 2)","ActiveAdults","RandomForest",0.129032258064516
"87379555","(1, 2)","ActiveAdults","RandomForest",0.547619047619048
"87379801","(1, 2)","ActiveAdults","RandomForest",0.0444444444444444
"87384647","(1, 2)","ActiveAdults","RandomForest",0.25
"87386240","(1, 2)","ActiveAdults","RandomForest",0.392857142857143
"87408632","(3, 8)","ActiveAdults","RandomForest",0
"87415946","(3, 8)","ActiveAdults","RandomForest",0.125
"87419772","(3, 8)","ActiveAdults","RandomForest",0.5
"87422715","(1, 2)","ActiveAdults","RandomForest",0.55421686746988
"87456189","(1, 2)","ActiveAdults","RandomForest",0.54320987654321
"87462021","(1, 2)","ActiveAdults","RandomForest",0.363636363636364
"87467539","(3, 8)","FamilyWithKids","RandomForest",0.333333333333333
"87471347","(3, 8)","FamilyWithKids","RandomForest",0
"87471817","(1, 2)","FamilyWithKids","RandomForest",0.688524590163934
"87479340","(1, 2)","ActiveAdults","RandomForest",0.686274509803922
"87492114","(1, 2)","ActiveAdults","RandomForest",0.406779661016949
"87494218","(3, 8)","FamilyWithKids","RandomForest",0.117647058823529
"87494793","(1, 2)","ActiveAdults","RandomForest",0.25531914893617
"87494794","(1, 2)","ActiveAdults","RandomForest",0.366666666666667
"87495170","(1, 2)","ActiveAdults","RandomForest",0.551724137931034
"87499587","(3, 8)","FamilyWithKids","RandomForest",0.617021276595745
"87516024","(3, 8)","ActiveAdults","RandomForest",0.39344262295082
"87531333","(3, 8)","FamilyWithKids","RandomForest",0.125
"87555786","(1, 2)","ActiveAdults","RandomForest",0.344827586206897
"87560910","(1, 2)","FamilyWithKids","RandomForest",0.754385964912281
"87569905","(3, 8)","ActiveAdults","RandomForest",0.366666666666667
"87589339","(3, 8)","ActiveAdults","RandomForest",0
"87606784","(3, 8)","FamilyWithKids","RandomForest",0
"87610270","(3, 8)","ActiveAdults","RandomForest",0.326530612244898
"87611427","(1, 2)","ActiveAdults","RandomForest",0.49438202247191
"87614604","(1, 2)","ActiveAdults","RandomForest",0.469135802469136
"87614759","(1, 2)","ActiveAdults","RandomForest",0.25531914893617
"87618018","(1, 2)","ActiveAdults","RandomForest",0
"87629398","(3, 8)","ActiveAdults","RandomForest",0.305084745762712
"87630657","(3, 8)","ActiveAdults","RandomForest",0.56
"87643671","(3, 8)","FamilyWithKids","RandomForest",0.186046511627907
"87647076","(1, 2)","FamilyWithKids","RandomForest",0.368421052631579
"87649758","(3, 8)","ActiveAdults","RandomForest",0.558139534883721
"87651017","(3, 8)","ActiveAdults","RandomForest",0.0465116279069767
"87677276","(1, 2)","ActiveAdults","RandomForest",0.406779661016949
"87679585","(3, 8)","ActiveAdults","RandomForest",0
"87715510","(1, 2)","FamilyWithKids","RandomForest",0.593406593406593
"87715856","(3, 8)","ActiveAdults","RandomForest",0.102564102564103
"88093667","(3, 8)","ActiveAdults","RandomForest",0.441860465116279
"89428149","(1, 2)","FamilyWithKids","RandomForest",0.112676056338028
"89937892","(1, 2)","ActiveAdults","RandomForest",0.577777777777778
"91325472","(3, 8)","ActiveAdults","RandomForest",0.31578947368421
"91371247","(3, 8)","FamilyWithKids","RandomForest",0.597938144329897
"92115857","(1, 2)","FamilyWithKids","RandomForest",0.411764705882353
"92194517","(1, 2)","ActiveAdults","RandomForest",0.410958904109589
"92226870","(1, 2)","FamilyWithKids","RandomForest",0
"92286365","(3, 8)","FamilyWithKids","RandomForest",0.527272727272727
"92297638","(3, 8)","FamilyWithKids","RandomForest",0.593220338983051
"92959381","(3, 8)","ActiveAdults","RandomForest",0.0833333333333333
"93879272","(3, 8)","FamilyWithKids","RandomForest",0.163265306122449
"94050482","(1, 2)","ActiveAdults","RandomForest",0.447368421052631
"94173326","(3, 8)","ActiveAdults","RandomForest",0.142857142857143
"94197152","(1, 2)","FamilyWithKids","RandomForest",0.468085106382979
"94365211","(3, 8)","FamilyWithKids","RandomForest",0.4
"94452889","(3, 8)","ActiveAdults","RandomForest",0.266666666666667
"99619210","(1, 2)","FamilyWithKids","RandomForest",0.430769230769231
"99790629","(1, 2)","FamilyWithKids","RandomForest",0.358974358974359
"99922113","(1, 2)","FamilyWithKids","RandomForest",0.543478260869565
"100184276","(1, 2)","FamilyWithKids","RandomForest",0.387096774193548
"100225690","(1, 2)","FamilyWithKids","RandomForest",0.506666666666667
"100226549","(1, 2)","FamilyWithKids","RandomForest",0.763358778625954
"100545759","(1, 2)","FamilyWithKids","RandomForest",0.309859154929577
"102457504","(3, 8)","ActiveAdults","RandomForest",0
"102693642","(1, 2)","ActiveAdults","RandomForest",0
"102752599","(3, 8)","ActiveAdults","RandomForest",0
"102809096","(3, 8)","ActiveAdults","RandomForest",0.523076923076923
"102941524","(3, 8)","ActiveAdults","RandomForest",0.517241379310345
"102967863","(3, 8)","ActiveAdults","RandomForest",0.277777777777778
"103130132","(3, 8)","FamilyWithKids","RandomForest",0.617021276595745
"103133585","(1, 2)","ActiveAdults","RandomForest",0.525
"103134579","(1, 2)","FamilyWithKids","RandomForest",0.545454545454546
"103454720","(3, 8)","ActiveAdults","RandomForest",0.507042253521127
"103497762","(1, 2)","ActiveAdults","RandomForest",0.530120481927711
"104564558","(1, 2)","FamilyWithKids","RandomForest",0.413793103448276
"104665451","(3, 8)","FamilyWithKids","RandomForest",0.34375
"107680813","(3, 8)","ActiveAdults","RandomForest",0.274509803921569
"108200318","(3, 8)","ActiveAdults","RandomForest",0.644444444444444
"108243612","(3, 8)","ActiveAdults","RandomForest",0
"110708204","(1, 2)","ActiveAdults","RandomForest",0.272727272727273
"112467482","(1, 2)","FamilyWithKids","RandomForest",0.327868852459016
"125228790","(3, 8)","ActiveAdults","RandomForest",0.133333333333333
"128398028","(1, 2)","FamilyWithKids","RandomForest",0
"129693269","(3, 8)","ActiveAdults","RandomForest",0.761904761904762
"130366108","(3, 8)","FamilyWithKids","RandomForest",0.536585365853658
